xs,ys,t1,t2,t3,t4,t5,t6,t7,t8,t9,t10,t11,t12,t13,t14,t15,t16,t17,t18,t19,t20,t21,t22,t23,t24,t25,t26,t27,t28,t29,t30,t31,t32,t33
-7,2,0.002,0,0.095,0,0,0,0,0.212,0,0,0,0.08,0.017,0,0,0,0.083,0.012,0,0,0.063,0.003,0.001,0.004,0.061,0.002,0,0.061,0,0.054,0.037,0.017,0.018
-9.060241,2,0.009,0,0.115,0,0,0,0,0.254,0,0,0,0.083,0.009,0,0,0,0.071,0.009,0,0,0.068,0.006,0.001,0.01,0.056,0,0,0.055,0,0.049,0.05,0.021,0.016
-10.836066,1.163934,0.01,0,0.11,0,0,0,0,0.247,0,0,0,0.069,0.013,0,0,0,0.076,0.016,0,0,0.075,0.004,0.003,0.006,0.057,0.004,0,0.044,0,0.061,0.051,0.019,0.017
-12,0,0.003,0,0.111,0,0,0,0,0.242,0,0,0,0.075,0.02,0,0,0,0.072,0.007,0,0,0.069,0.006,0.007,0.01,0.057,0.003,0,0.049,0,0.049,0.047,0.024,0.025
-12.421488,-0.909091,0.007,0,0.128,0,0,0,0,0.235,0,0,0,0.077,0.022,0,0,0,0.067,0.011,0,0,0.079,0.006,0.003,0.001,0.056,0.003,0,0.036,0,0.057,0.048,0.027,0.017
-15,-2,0.006,0,0.114,0,0,0,0,0.257,0,0,0,0.082,0.022,0,0,0,0.07,0.015,0,0,0.07,0.004,0.003,0.01,0.051,0,0,0.043,0,0.057,0.043,0.022,0.015
-16.306452,-0.806452,0.007,0,0.11,0,0,0,0,0.239,0,0,0,0.064,0.014,0,0,0,0.069,0.022,0,0,0.079,0.006,0.002,0.006,0.053,0.001,0,0.045,0,0.053,0.05,0.026,0.022
-17,0,0.006,0,0.103,0,0,0,0,0.231,0,0,0,0.065,0.022,0,0,0,0.088,0.013,0,0,0.076,0.005,0.002,0.01,0.055,0,0,0.045,0,0.058,0.049,0.018,0.013
-17,0,0.01,0,0.109,0,0,0,0,0.229,0,0,0,0.066,0.01,0,0,0,0.09,0.012,0,0,0.082,0.007,0.001,0.007,0.055,0.002,0,0.036,0,0.056,0.041,0.023,0.022
-21.2,1.764706,0.013,0,0.104,0,0,0,0,0.254,0,0,0,0.069,0.015,0,0,0,0.081,0.01,0,0,0.087,0.007,0.002,0.006,0.038,0.001,0,0.028,0,0.046,0.041,0.022,0.021
-23,3.008197,0.005,0,0.105,0,0,0,0,0.235,0,0,0,0.066,0.021,0,0,0,0.075,0.017,0,0,0.081,0.008,0.001,0.009,0.061,0.001,0,0.033,0,0.053,0.05,0.026,0.023
-23,5,0.002,0,0.127,0,0,0,0,0.232,0,0,0,0.062,0.015,0,0,0,0.071,0.008,0,0,0.084,0.007,0.001,0.004,0.049,0.001,0,0.032,0,0.055,0.046,0.024,0.019
-23,6.487603,0.006,0,0.091,0,0,0,0,0.21,0,0,0,0.074,0.025,0,0,0,0.068,0.01,0,0,0.068,0.003,0.003,0.005,0.072,0,0,0.036,0,0.067,0.046,0.03,0.03
-23.688172,8.935484,0.008,0,0.104,0,0,0,0,0.229,0,0,0,0.073,0.017,0,0,0,0.071,0.012,0,0,0.059,0.003,0.004,0.004,0.06,0,0,0.031,0,0.059,0.056,0.015,0.03
-22.669291,10.362205,0.005,0,0.113,0,0,0,0,0.236,0,0,0,0.055,0.019,0,0,0,0.059,0.011,0,0,0.07,0.005,0.005,0.006,0.068,0.001,0,0.036,0,0.052,0.051,0.02,0.023
-20,12,0.007,0,0.117,0,0,0,0,0.223,0,0,0,0.085,0.018,0,0,0,0.072,0.006,0,0,0.07,0.006,0,0.003,0.055,0.002,0,0.042,0,0.059,0.042,0.021,0.018
-18.629921,14.307087,0.009,0,0.119,0,0,0,0,0.208,0,0,0,0.083,0.021,0,0,0,0.054,0.009,0,0,0.075,0.002,0.002,0.006,0.055,0.004,0,0.049,0,0.066,0.04,0.018,0.023
-17,17,0.004,0,0.1,0,0,0,0,0.244,0,0,0,0.08,0.021,0,0,0,0.076,0.004,0,0,0.067,0.003,0.001,0.011,0.055,0,0,0.047,0,0.058,0.034,0.028,0.018
-16.016129,18.475806,0.006,0,0.119,0,0,0,0,0.215,0,0,0,0.068,0.024,0,0,0,0.07,0.01,0,0,0.085,0.003,0.002,0.011,0.062,0.002,0,0.047,0,0.053,0.05,0.026,0.017
-15,20,0.009,0,0.117,0,0,0,0,0.226,0,0,0,0.07,0.021,0,0,0,0.074,0.01,0,0,0.088,0.005,0.002,0.007,0.067,0.002,0,0.027,0,0.049,0.038,0.025,0.025
-13.016129,20,0.006,0,0.119,0,0,0,0,0.217,0,0,0,0.088,0.023,0,0,0,0.083,0.014,0,0,0.086,0.006,0,0.005,0.059,0.002,0,0.034,0,0.046,0.031,0.023,0.022
-12,20,0.007,0,0.125,0,0,0,0,0.223,0,0,0,0.078,0.017,0,0,0,0.078,0.013,0,0.001,0.072,0.004,0.001,0.003,0.061,0.001,0,0.038,0,0.053,0.04,0.027,0.023
-10.762295,20,0.005,0,0.118,0,0,0,0,0.24,0,0,0,0.08,0.019,0,0,0,0.08,0.016,0,0,0.076,0.006,0.001,0.006,0.063,0.004,0,0.033,0,0.044,0.049,0.028,0.021
-7,20,0.014,0,0.112,0,0,0,0,0.268,0,0,0,0.07,0.032,0,0,0,0.074,0.009,0,0,0.065,0.003,0.002,0.012,0.039,0.004,0,0.026,0,0.067,0.032,0.029,0.025
-7,20,0.002,0,0.114,0,0,0,0,0.247,0,0,0,0.077,0.029,0,0,0,0.086,0.008,0,0.001,0.084,0.009,0.002,0.007,0.047,0,0,0.04,0,0.061,0.035,0.019,0.023
-5.011628,17.488372,0.009,0,0.111,0,0,0,0,0.227,0,0,0,0.096,0.023,0,0,0,0.082,0.008,0,0,0.079,0.004,0.002,0.01,0.042,0.003,0,0.032,0,0.059,0.045,0.038,0.022
-1.209677,17,0.007,0,0.118,0,0,0,0,0.235,0,0,0,0.077,0.027,0,0,0,0.081,0.01,0,0.001,0.088,0.004,0.005,0.01,0.05,0.003,0,0.035,0,0.047,0.037,0.031,0.026
0,17,0.005,0,0.121,0,0,0,0,0.261,0,0,0,0.092,0.012,0,0,0,0.069,0.008,0,0,0.074,0.004,0.003,0.008,0.055,0.001,0,0.025,0,0.056,0.041,0.031,0.027
0.243902,17,0.004,0,0.121,0,0,0,0,0.246,0,0,0,0.078,0.022,0,0,0,0.079,0.015,0,0.001,0.078,0.006,0.003,0.007,0.055,0,0,0.037,0,0.061,0.042,0.023,0.013
2,17,0.01,0,0.107,0,0,0,0,0.249,0,0,0,0.082,0.02,0,0,0,0.088,0.014,0,0,0.08,0.005,0.001,0.007,0.073,0.001,0,0.027,0,0.053,0.045,0.019,0.02
1.725806,16.306452,0.009,0,0.123,0,0,0,0,0.242,0,0,0,0.076,0.017,0,0,0,0.081,0.007,0,0,0.079,0.005,0.001,0.004,0.055,0.002,0,0.037,0,0.062,0.05,0.03,0.015
2,14.72093,0.005,0,0.125,0,0,0,0,0.244,0,0,0,0.082,0.015,0,0,0,0.077,0.012,0,0,0.08,0.004,0,0.004,0.064,0,0,0.031,0,0.058,0.049,0.02,0.024
4.231405,9.553719,0.009,0,0.106,0,0,0,0,0.235,0,0,0,0.072,0.021,0,0,0,0.074,0.017,0,0,0.076,0.007,0.001,0.005,0.062,0,0,0.034,0,0.056,0.061,0.033,0.026
8.953488,3.662791,0.005,0,0.121,0,0,0,0,0.25,0,0,0,0.078,0.022,0,0,0,0.083,0.009,0,0,0.075,0.006,0.001,0.012,0.048,0.001,0,0.036,0,0.058,0.039,0.013,0.025
21.933333,-11.391667,0.006,0,0.122,0,0,0,0,0.24,0,0,0,0.075,0.018,0,0,0,0.074,0.009,0,0,0.074,0.002,0.002,0.006,0.059,0.004,0,0.036,0,0.049,0.068,0.025,0.025
37.693182,-29.113636,0.008,0,0.097,0,0,0,0,0.247,0,0,0,0.061,0.01,0,0,0,0.114,0.017,0,0,0.057,0.002,0,0.006,0.046,0.002,0,0.058,0,0.054,0.059,0.027,0.014
52.512605,-47.369748,0.005,0,0.08,0,0,0,0,0.277,0,0,0,0.053,0.007,0,0,0,0.119,0.014,0,0,0.054,0.003,0.002,0.01,0.038,0.001,0,0.083,0,0.055,0.043,0.019,0.014
72.519481,-71.077922,0.004,0,0.082,0,0,0,0,0.242,0,0,0,0.04,0.01,0,0,0,0.152,0.011,0,0,0.05,0.002,0.001,0.002,0.029,0,0,0.111,0,0.036,0.035,0.013,0.007
97.858491,-101.433962,0.009,0,0.032,0,0,0,0,0.274,0,0,0,0.023,0.007,0,0,0,0.235,0.009,0,0,0.032,0.001,0,0.003,0.032,0.001,0,0.119,0,0.028,0.027,0.012,0.006
117.6375,-124.3875,0.008,0,0.021,0,0,0,0,0.28,0,0,0,0.018,0,0,0,0,0.291,0.004,0,0,0.022,0.001,0,0.004,0.019,0,0,0.177,0,0.013,0.021,0.004,0.004
140.350877,-154.798246,0.006,0,0.009,0,0,0,0,0.323,0,0,0,0.012,0.001,0,0,0,0.307,0.004,0,0,0.01,0,0,0,0.014,0,0,0.156,0,0.007,0.01,0.002,0.001
161.864198,-178.222222,0.012,0,0.001,0,0,0,0,0.29,0,0,0,0.008,0,0,0,0,0.215,0.004,0,0,0.001,0,0,0,0.001,0.001,0,0.155,0,0.004,0.014,0,0
182.310345,-201.87931,0.003,0,0.003,0,0,0,0,0.278,0,0,0,0.02,0,0,0,0,0.199,0.001,0,0,0.005,0,0,0,0,0,0,0.152,0,0.014,0.025,0.001,0.002
200.277108,-223.253012,0.003,0,0.006,0,0,0,0,0.291,0,0,0,0.061,0,0,0,0,0.172,0.008,0,0,0.003,0.001,0,0,0.007,0,0,0.103,0,0.06,0.05,0.002,0.001
216.525862,-240.905172,0.009,0,0.005,0,0,0,0,0.314,0,0,0,0.061,0,0,0,0,0.187,0.004,0,0,0.006,0,0,0,0.015,0.001,0,0.095,0,0.047,0.03,0.003,0.003
231.083333,-256.928571,0.003,0,0.011,0,0,0,0,0.313,0,0,0,0.079,0.001,0,0,0,0.18,0.016,0,0,0.008,0,0,0,0.003,0,0,0.089,0,0.041,0.037,0.003,0.006
244.224138,-271.603448,0.004,0,0.026,0,0,0,0,0.288,0,0,0,0.061,0.003,0,0,0,0.156,0.005,0,0,0.011,0,0,0.001,0.002,0,0,0.075,0,0.046,0.029,0.004,0.007
255.333333,-281.452381,0.001,0,0.014,0,0,0,0,0.236,0,0,0,0.043,0.001,0,0,0,0.144,0.015,0,0,0.011,0,0,0,0.004,0,0,0.063,0,0.03,0.016,0.006,0
263.818966,-289.103448,0.003,0,0.016,0,0,0,0,0.232,0,0,0,0.045,0.001,0,0,0,0.122,0.01,0,0,0.009,0,0,0,0.002,0,0,0.065,0,0.031,0.019,0.002,0.004
269.785714,-294.785714,0.001,0,0.024,0,0,0,0,0.22,0,0,0,0.033,0.001,0,0,0,0.114,0.007,0,0,0.009,0,0,0,0.011,0,0,0.059,0,0.03,0.018,0.002,0.003
274.551724,-298.146552,0,0,0.013,0,0,0,0,0.207,0,0,0,0.03,0.001,0,0,0,0.114,0.012,0,0,0.017,0,0,0,0.017,0.001,0,0.058,0,0.019,0.024,0.001,0.004
279.317073,-299,0.005,0,0.028,0,0,0,0,0.21,0,0,0,0.042,0.005,0,0,0,0.116,0.005,0,0,0.013,0.003,0.002,0.001,0.014,0.001,0,0.06,0,0.035,0.022,0.007,0.008
281,-299,0.004,0,0.028,0,0,0,0,0.227,0,0,0,0.049,0.003,0,0,0,0.12,0.012,0,0,0.022,0.001,0.001,0.001,0.017,0,0,0.065,0,0.042,0.021,0.009,0.004
283.162791,-297.430233,0.006,0,0.039,0,0,0,0,0.233,0,0,0,0.041,0.005,0,0,0,0.139,0.013,0,0,0.019,0.001,0,0.003,0.01,0,0,0.068,0,0.038,0.018,0.009,0.01
284.172414,-294.612069,0.007,0,0.041,0,0,0,0,0.232,0,0,0,0.045,0.003,0,0,0,0.145,0.017,0,0,0.026,0.002,0,0.001,0.013,0,0,0.075,0,0.034,0.018,0.003,0.006
284,-290.035294,0.008,0,0.028,0,0,0,0,0.257,0,0,0,0.04,0.002,0,0,0,0.152,0.015,0,0,0.017,0,0.001,0.003,0.013,0.003,0,0.065,0,0.047,0.018,0.007,0.006
283.466102,-286.101695,0.003,0,0.04,0,0,0,0,0.256,0,0,0,0.039,0.001,0,0,0,0.162,0.01,0,0,0.025,0.001,0,0.001,0.017,0,0,0.075,0,0.031,0.018,0.005,0.008
283.535714,-282.071429,0.006,0,0.031,0,0,0,0,0.255,0,0,0,0.047,0.002,0,0,0,0.157,0.02,0,0,0.028,0.001,0.001,0.001,0.018,0.001,0,0.067,0,0.043,0.013,0.005,0.007
281.333333,-276.957265,0.003,0,0.045,0,0,0,0,0.261,0,0,0,0.063,0.003,0,0,0,0.147,0.011,0,0,0.019,0,0.001,0.001,0.005,0,0,0.067,0,0.031,0.015,0.004,0.005
281,-271.178571,0.006,0,0.038,0,0,0,0,0.252,0,0,0,0.049,0.001,0,0,0,0.153,0.015,0,0,0.018,0.002,0,0.001,0.003,0,0,0.071,0,0.033,0.016,0.005,0.015
284.413793,-262.362069,0.002,0,0.034,0,0,0,0,0.228,0,0,0,0.037,0.003,0,0,0,0.157,0.011,0,0,0.007,0,0,0,0.006,0.001,0,0.087,0,0.035,0.015,0.005,0.002
290.416667,-245.047619,0.005,0,0.024,0,0,0,0,0.249,0,0,0,0.035,0,0,0,0,0.176,0.017,0,0,0.015,0,0,0,0.005,0,0,0.079,0,0.031,0.012,0.005,0.002
299.888889,-221.196581,0.003,0,0.044,0,0,0,0,0.259,0,0,0,0.053,0,0,0,0,0.167,0.016,0,0,0.018,0,0.001,0,0.006,0,0,0.067,0,0.04,0.013,0.004,0.007
313.04878,-191.707317,0.005,0,0.034,0,0,0,0,0.23,0,0,0,0.056,0.001,0,0,0,0.128,0.014,0,0,0.035,0,0,0,0.008,0,0,0.044,0,0.037,0.006,0.005,0.003
331.676471,-152.039216,0.001,0,0.016,0,0,0,0,0.226,0,0,0,0.034,0.001,0,0,0,0.124,0.013,0,0,0.056,0,0,0,0.036,0,0,0.038,0,0.027,0.017,0.004,0
350.27907,-109.860465,0.001,0,0.022,0,0,0,0,0.202,0,0,0,0.028,0.001,0,0,0,0.1,0.009,0,0,0.031,0,0,0.002,0.043,0,0,0.043,0,0.029,0.022,0.003,0.001
371.172727,-63.363636,0,0,0.011,0,0,0,0,0.15,0,0,0,0.02,0.001,0,0,0,0.075,0.013,0,0,0.021,0,0,0,0.019,0,0,0.047,0,0.043,0.019,0.003,0
391.388235,-14.305882,0,0,0.006,0,0,0,0,0.129,0,0,0,0.027,0.002,0,0,0,0.063,0.003,0,0,0.025,0.001,0,0,0.012,0,0,0.036,0,0.023,0.022,0.001,0.001
410.072072,35.252252,0.002,0,0.005,0,0,0,0,0.158,0,0,0,0.024,0,0,0,0,0.123,0.008,0,0,0.028,0,0,0.002,0.018,0,0,0.067,0,0.029,0.019,0.001,0
426.908046,82.701149,0.002,0,0.004,0,0,0,0,0.345,0,0,0,0.032,0,0,0,0,0.249,0.008,0,0,0.018,0,0,0,0.015,0,0,0.158,0,0.03,0.018,0.005,0.001
443.414414,129.495495,0,0,0.014,0,0,0,0,0.409,0,0,0,0.072,0,0,0,0,0.179,0.023,0,0,0.018,0,0,0,0.013,0,0,0.113,0,0.039,0.038,0.006,0.001
457.842697,174.359551,0,0,0.052,0,0,0,0,0.28,0,0,0,0.094,0.001,0,0,0,0.077,0.015,0,0,0.055,0.002,0,0.001,0.05,0,0,0.05,0,0.11,0.074,0.013,0.003
471.761062,215.221239,0,0,0.036,0,0,0,0,0.225,0,0,0,0.055,0.001,0,0,0,0.094,0.01,0,0,0.022,0,0,0.002,0.017,0,0,0.041,0,0.05,0.045,0.012,0.008
484.153846,251.868132,0,0,0.04,0,0,0,0,0.127,0,0,0,0.036,0.001,0,0,0,0.066,0.01,0,0,0.024,0,0,0.002,0.006,0,0,0.025,0,0.033,0.043,0.007,0.003
493.663717,282.831858,0.003,0,0.039,0,0,0,0,0.204,0,0,0,0.041,0,0,0,0,0.087,0.013,0,0.001,0.027,0,0,0,0.006,0,0,0.047,0,0.041,0.036,0.011,0.007
503.163043,310.630435,0.003,0,0.025,0,0,0,0,0.219,0,0,0,0.042,0.001,0,0,0,0.115,0.014,0,0,0.018,0,0,0,0.007,0,0,0.062,0,0.038,0.024,0.004,0.01
509.460177,329.39823,0.007,0,0.019,0,0,0,0,0.252,0,0,0,0.043,0.001,0,0,0,0.157,0.013,0,0,0.018,0.001,0,0.001,0.002,0,0,0.083,0,0.045,0.026,0.004,0.01
515.7,344.466667,0.01,0,0.026,0,0,0,0,0.27,0,0,0,0.021,0.002,0,0,0,0.157,0.017,0,0,0.006,0,0.001,0.001,0,0.001,0,0.097,0,0.021,0.025,0.006,0.017
520.234234,355.351351,0.015,0,0.018,0,0,0,0,0.262,0,0,0,0.027,0,0,0,0,0.173,0.007,0,0,0.005,0,0.001,0.001,0.002,0.002,0,0.088,0,0.031,0.015,0.005,0.012
523.208791,362.505495,0.031,0,0.009,0,0,0,0,0.295,0,0,0,0.032,0,0,0,0,0.159,0.01,0,0,0.006,0,0.004,0,0.001,0.004,0,0.106,0,0.034,0.016,0.003,0.017
526.20354,367.168142,0.037,0,0.017,0,0,0,0,0.27,0,0,0,0.029,0.001,0,0,0,0.165,0.01,0,0,0.003,0,0.001,0,0.001,0.007,0,0.122,0,0.019,0.018,0.002,0.016
527,368,0.032,0,0.013,0,0,0,0,0.273,0,0,0,0.038,0,0,0,0,0.156,0.009,0,0.001,0.004,0,0.003,0,0,0.002,0,0.132,0,0.023,0.023,0.003,0.016
525.526316,368,0.018,0,0.009,0,0,0,0,0.277,0,0,0,0.025,0,0,0,0,0.16,0.005,0,0,0,0.001,0.001,0,0.001,0.002,0,0.143,0,0.034,0.021,0.003,0.018
524.032967,366.791209,0.024,0,0.02,0,0,0,0,0.299,0,0,0,0.03,0.002,0,0,0,0.172,0.012,0,0,0.003,0.001,0,0,0.001,0.003,0,0.111,0,0.025,0.023,0.004,0.017
522.814159,363.345133,0.018,0,0.017,0,0,0,0,0.314,0,0,0,0.037,0,0,0,0,0.157,0.013,0,0,0.001,0.001,0.001,0.002,0.002,0.007,0,0.114,0,0.023,0.021,0,0.014
521.241758,359.120879,0.015,0,0.02,0,0,0,0,0.306,0,0,0,0.041,0,0,0,0,0.172,0.008,0,0,0.005,0,0,0,0.001,0.006,0,0.118,0,0.021,0.026,0.002,0.013
517.789474,352.789474,0.017,0,0.016,0,0,0,0,0.286,0,0,0,0.037,0,0,0,0,0.158,0.017,0,0,0.003,0,0.001,0,0.002,0.003,0,0.144,0,0.032,0.021,0.004,0.02
513.483516,346.978022,0.029,0,0.02,0,0,0,0,0.315,0,0,0,0.05,0.001,0,0,0,0.175,0.018,0,0,0.01,0.001,0.001,0.001,0,0.003,0,0.104,0,0.039,0.021,0.002,0.013
508.736842,340.578947,0.026,0,0.024,0,0,0,0,0.288,0,0,0,0.037,0,0,0,0,0.168,0.02,0,0,0.015,0,0.001,0.002,0.003,0.003,0,0.133,0,0.033,0.028,0.003,0.015
501.407407,332.222222,0.022,0,0.027,0,0,0,0,0.276,0,0,0,0.046,0,0,0,0,0.199,0.019,0,0,0.013,0,0.004,0.001,0.005,0.001,0,0.087,0,0.039,0.027,0.005,0.022
488.921875,322.804688,0.011,0,0.026,0,0,0,0,0.283,0,0,0,0.044,0.002,0,0,0,0.188,0.023,0,0,0.015,0,0.002,0.001,0.003,0.002,0,0.097,0,0.046,0.033,0.006,0.019
477.8375,315.1625,0.016,0,0.024,0,0,0,0,0.276,0,0,0,0.048,0.003,0,0,0,0.162,0.019,0,0,0.011,0,0.001,0.002,0.006,0.005,0,0.104,0,0.042,0.027,0.005,0.016
463.104839,310.104839,0.015,0,0.028,0,0,0,0,0.257,0,0,0,0.039,0.002,0,0,0,0.171,0.022,0,0,0.016,0,0.002,0.002,0.006,0.002,0,0.092,0,0.04,0.043,0.003,0.012
444.148148,303.259259,0.013,0,0.043,0,0,0,0,0.271,0,0,0,0.05,0.002,0,0,0,0.162,0.016,0,0,0.011,0.001,0.004,0.001,0.007,0.001,0,0.084,0,0.047,0.038,0.003,0.012
425.056,296.984,0.008,0,0.048,0,0,0,0,0.229,0,0,0,0.053,0.002,0,0,0,0.156,0.022,0,0,0.015,0.002,0.001,0,0.006,0.001,0,0.078,0,0.047,0.027,0.004,0.022
403.121951,289.682927,0.013,0,0.045,0,0,0,0,0.259,0,0,0,0.05,0.002,0,0,0,0.135,0.02,0,0,0.022,0.001,0.002,0.002,0.006,0,0,0.1,0,0.054,0.04,0.009,0.021
388.443548,285.967742,0.016,0,0.034,0,0,0,0,0.283,0,0,0,0.057,0.006,0,0,0,0.15,0.014,0,0,0.022,0,0.004,0.005,0.005,0.001,0,0.084,0,0.058,0.043,0.007,0.017
359.939024,277.536585,0.01,0,0.05,0,0,0,0,0.285,0,0,0,0.07,0.006,0,0,0,0.158,0.018,0,0,0.017,0.001,0,0.002,0.006,0.002,0,0.079,0,0.054,0.033,0.009,0.025
339.032258,272.169355,0.02,0,0.049,0,0,0,0,0.284,0,0,0,0.064,0.003,0,0,0,0.164,0.015,0,0,0.02,0,0.001,0.003,0.011,0.001,0,0.105,0,0.049,0.032,0.007,0.016
321.833333,264.511905,0.009,0,0.032,0,0,0,0,0.327,0,0,0,0.077,0,0,0,0,0.152,0.026,0,0,0.017,0.001,0.002,0.002,0.009,0,0,0.081,0,0.079,0.073,0.008,0.014
317.578512,262.53719,0.008,0,0.039,0,0,0,0,0.347,0,0,0,0.095,0.003,0,0,0,0.156,0.024,0,0,0.015,0,0.001,0.001,0.008,0.004,0,0.068,0,0.082,0.066,0.007,0.019
285.843373,254.481928,0.009,0,0.046,0,0,0,0,0.334,0,0,0,0.113,0.003,0,0,0,0.143,0.02,0,0,0.02,0,0.002,0,0.012,0.003,0,0.077,0,0.078,0.076,0.015,0.013
271.52,246.456,0.002,0,0.05,0,0,0,0,0.303,0,0,0,0.088,0.008,0,0,0,0.136,0.028,0,0,0.026,0.002,0,0,0.024,0.001,0,0.071,0,0.101,0.083,0.015,0.017
260.390244,240.54878,0.003,0,0.049,0,0,0,0,0.327,0,0,0,0.085,0.007,0,0,0,0.123,0.033,0,0,0.021,0.002,0.001,0.002,0.022,0,0,0.087,0,0.098,0.072,0.012,0.021
251.919355,235.887097,0.011,0,0.047,0,0,0,0,0.335,0,0,0,0.082,0,0,0,0,0.15,0.027,0,0,0.025,0.001,0.001,0,0.018,0.002,0,0.071,0,0.087,0.061,0.009,0.015
244.547619,231.142857,0.013,0,0.049,0,0,0,0,0.343,0,0,0,0.081,0.003,0,0,0,0.142,0.028,0,0,0.032,0.002,0.002,0.003,0.019,0,0,0.087,0,0.081,0.057,0.013,0.01
239.909091,226.826446,0.006,0,0.059,0,0,0,0,0.323,0,0,0,0.071,0.003,0,0,0,0.155,0.024,0,0,0.038,0,0.002,0.001,0.022,0.001,0,0.087,0,0.07,0.058,0.014,0.013
237.894118,223.023529,0.007,0,0.054,0,0,0,0,0.342,0,0,0,0.064,0.011,0,0,0,0.148,0.016,0,0,0.04,0.002,0,0.003,0.017,0,0,0.092,0,0.07,0.059,0.019,0.014
235.02521,220.243697,0.009,0,0.046,0,0,0,0,0.326,0,0,0,0.067,0.008,0,0,0,0.158,0.019,0,0,0.034,0.003,0.002,0.004,0.023,0,0,0.101,0,0.077,0.043,0.016,0.007
238,217,0.008,0,0.051,0,0,0,0,0.324,0,0,0,0.073,0.007,0,0,0,0.159,0.018,0,0,0.033,0.001,0.001,0.002,0.029,0.003,0,0.083,0,0.069,0.048,0.018,0.018
238.683333,215.733333,0.008,0,0.047,0,0,0,0,0.348,0,0,0,0.091,0.009,0,0,0,0.151,0.016,0,0,0.032,0,0,0,0.023,0.002,0,0.092,0,0.049,0.036,0.015,0.017
240,215,0.005,0,0.062,0,0,0,0,0.333,0,0,0,0.072,0.005,0,0,0,0.145,0.016,0,0,0.039,0.003,0.001,0.001,0.025,0,0,0.103,0,0.058,0.045,0.012,0.01
242.747899,215.084034,0.009,0,0.046,0,0,0,0,0.327,0,0,0,0.076,0.006,0,0,0,0.16,0.015,0,0,0.036,0.005,0,0.002,0.021,0,0,0.103,0,0.054,0.048,0.017,0.017
246.858974,217,0.004,0,0.053,0,0,0,0,0.359,0,0,0,0.077,0.003,0,0,0,0.161,0.018,0,0,0.026,0.002,0.001,0.001,0.026,0,0,0.088,0,0.056,0.047,0.015,0.014
248.857143,218.685714,0.012,0,0.07,0,0,0,0,0.342,0,0,0,0.071,0.004,0,0,0,0.154,0.019,0,0,0.038,0,0.001,0.001,0.017,0.001,0,0.101,0,0.046,0.053,0.012,0.015
252.866667,221.533333,0.006,0,0.053,0,0,0,0,0.364,0,0,0,0.082,0.002,0,0,0,0.173,0.017,0,0,0.024,0.004,0.001,0.002,0.019,0,0,0.098,0,0.048,0.038,0.014,0.015
253,225.818966,0.007,0,0.055,0,0,0,0,0.366,0,0,0,0.069,0.001,0,0,0,0.157,0.022,0,0,0.032,0,0.001,0.004,0.017,0,0,0.1,0,0.06,0.043,0.01,0.015
255.934066,229.835165,0.008,0,0.052,0,0,0,0,0.345,0,0,0,0.085,0.003,0,0,0,0.166,0.019,0,0,0.023,0.001,0.002,0,0.011,0,0,0.095,0,0.064,0.049,0.018,0.021
257.189655,233.784483,0.005,0,0.05,0,0,0,0,0.335,0,0,0,0.08,0.001,0,0,0,0.145,0.018,0,0,0.026,0.002,0.002,0.002,0.019,0.001,0,0.1,0,0.081,0.064,0.015,0.016
256.733333,235,0.007,0,0.047,0,0,0,0,0.327,0,0,0,0.078,0.003,0,0,0,0.153,0.023,0,0,0.021,0.001,0.003,0.001,0.014,0.002,0,0.084,0,0.087,0.071,0.014,0.017
251.413793,234.482759,0.011,0,0.044,0,0,0,0,0.342,0,0,0,0.1,0.001,0,0,0,0.136,0.02,0,0,0.014,0.002,0.001,0.002,0.017,0.001,0,0.084,0,0.091,0.074,0.012,0.019
241.913043,229.543478,0.003,0,0.046,0,0,0,0,0.335,0,0,0,0.091,0.002,0,0,0,0.158,0.034,0,0,0.021,0,0,0,0.011,0.002,0,0.084,0,0.077,0.064,0.011,0.02
228.236842,218.315789,0.005,0,0.045,0,0,0,0,0.329,0,0,0,0.085,0.001,0,0,0,0.162,0.025,0,0,0.021,0,0.001,0,0.017,0,0,0.077,0,0.084,0.065,0.012,0.016
210.582418,203.032967,0.002,0,0.043,0,0,0,0,0.354,0,0,0,0.091,0.002,0,0,0,0.132,0.019,0,0,0.034,0.001,0,0,0.011,0.002,0,0.081,0,0.088,0.048,0.011,0.01
190.017391,182.513043,0.003,0,0.056,0,0,0,0,0.343,0,0,0,0.069,0.001,0,0,0,0.132,0.014,0,0,0.045,0.001,0.003,0.002,0.021,0.001,0,0.084,0,0.065,0.036,0.016,0.008
168.274725,161.296703,0.003,0,0.058,0,0,0,0,0.331,0,0,0,0.056,0.004,0,0,0,0.124,0.017,0,0,0.037,0.002,0,0.002,0.029,0,0,0.079,0,0.062,0.044,0.007,0.009
146.554545,136.172727,0.002,0,0.071,0,0,0,0,0.235,0,0,0,0.05,0.005,0,0,0,0.129,0.013,0,0,0.067,0,0,0.004,0.04,0,0,0.071,0,0.053,0.038,0.014,0.003
124.835165,111.692308,0.001,0,0.091,0,0,0,0,0.247,0,0,0,0.053,0.007,0,0,0,0.111,0.012,0,0,0.046,0.002,0,0.003,0.033,0,0,0.07,0,0.053,0.033,0.011,0.003
104.451327,86.415929,0.002,0,0.08,0,0,0,0,0.245,0,0,0,0.053,0.006,0,0,0,0.096,0.011,0,0,0.059,0.003,0,0.006,0.043,0,0,0.062,0,0.06,0.033,0.021,0.01
82.902174,61.891304,0.002,0,0.08,0,0,0,0,0.237,0,0,0,0.054,0.01,0,0,0,0.109,0.007,0,0,0.068,0.003,0,0.001,0.049,0,0,0.063,0,0.059,0.039,0.016,0.006
62.571429,38.196429,0.004,0,0.087,0,0,0,0,0.248,0,0,0,0.058,0.013,0,0,0,0.108,0.012,0,0,0.075,0.002,0,0.001,0.054,0,0,0.051,0,0.038,0.039,0.018,0.013
45.075269,17.44086,0.004,0,0.111,0,0,0,0,0.251,0,0,0,0.058,0.01,0,0,0,0.09,0.01,0,0,0.061,0.003,0,0.006,0.053,0,0,0.066,0,0.051,0.023,0.024,0.009
29.072072,-2.630631,0.004,0,0.106,0,0,0,0,0.243,0,0,0,0.058,0.011,0,0,0,0.101,0.007,0,0,0.069,0.003,0.001,0.003,0.056,0.001,0,0.055,0,0.052,0.035,0.022,0.005
14.129032,-18.903226,0.003,0,0.094,0,0,0,0,0.237,0,0,0,0.059,0.008,0,0,0,0.1,0.007,0,0,0.079,0.004,0,0.006,0.057,0,0,0.058,0,0.056,0.04,0.016,0.012
1.774775,-31.540541,0.002,0,0.103,0,0,0,0,0.259,0,0,0,0.048,0.019,0,0,0,0.101,0.012,0,0,0.056,0.003,0.002,0.008,0.044,0.002,0,0.059,0,0.048,0.046,0.017,0.01
-9.255319,-44.244681,0.004,0,0.078,0,0,0,0,0.289,0,0,0,0.055,0.009,0,0,0,0.108,0.012,0,0,0.058,0.003,0,0.005,0.049,0.001,0,0.053,0,0.055,0.05,0.015,0.01
-16.354545,-52.354545,0.002,0,0.067,0,0,0,0,0.274,0,0,0,0.074,0.012,0,0,0,0.102,0.012,0,0,0.069,0,0.001,0.007,0.055,0,0,0.053,0,0.062,0.042,0.019,0.012
-25.189474,-58.094737,0.005,0,0.065,0,0,0,0,0.282,0,0,0,0.058,0.019,0,0,0,0.105,0.02,0,0,0.065,0.002,0.002,0.006,0.052,0.003,0,0.064,0,0.067,0.047,0.015,0.014
-30.820755,-62.584906,0.009,0,0.069,0,0,0,0,0.288,0,0,0,0.065,0.01,0,0,0,0.116,0.013,0,0,0.076,0.001,0.003,0.003,0.064,0.001,0,0.073,0,0.062,0.031,0.018,0.013
-34.125,-64,0.004,0,0.069,0,0,0,0,0.285,0,0,0,0.069,0.013,0,0,0,0.116,0.02,0,0,0.08,0.003,0.001,0.008,0.054,0.001,0,0.054,0,0.056,0.05,0.02,0.01
-37.153846,-64,0.008,0,0.074,0,0,0,0,0.301,0,0,0,0.064,0.013,0,0,0,0.097,0.018,0,0,0.073,0.005,0.002,0,0.06,0.001,0,0.05,0,0.062,0.043,0.028,0.025
-39.595506,-62.752809,0.007,0,0.074,0,0,0,0,0.295,0,0,0,0.063,0.011,0,0,0,0.107,0.02,0,0,0.091,0.002,0.001,0.006,0.064,0.001,0,0.041,0,0.068,0.038,0.02,0.013
-38.245614,-61,0.008,0,0.088,0,0,0,0,0.269,0,0,0,0.076,0.01,0,0,0,0.083,0.015,0,0,0.084,0.003,0.001,0.008,0.077,0.001,0,0.044,0,0.061,0.05,0.016,0.012
-34.444444,-62.9,0.01,0,0.096,0,0,0,0,0.269,0,0,0,0.079,0.008,0,0,0,0.092,0.012,0,0,0.083,0.005,0.001,0.009,0.067,0.002,0,0.048,0,0.059,0.04,0.019,0.015
-25.701754,-68.131579,0.004,0,0.102,0,0,0,0,0.268,0,0,0,0.079,0.015,0,0,0,0.098,0.011,0,0,0.069,0.002,0.001,0.008,0.072,0.001,0,0.054,0,0.058,0.037,0.011,0.012
-11.802198,-78.054945,0.006,0,0.074,0,0,0,0,0.261,0,0,0,0.06,0.009,0,0,0,0.119,0.004,0,0,0.078,0.004,0.002,0.007,0.068,0.001,0,0.06,0,0.066,0.049,0.023,0.019
4.45614,-91.298246,0.009,0,0.088,0,0,0,0,0.274,0,0,0,0.053,0.01,0,0,0,0.137,0.011,0,0.001,0.065,0.001,0,0.004,0.054,0,0,0.078,0,0.066,0.042,0.022,0.015
25.898876,-106.539326,0.007,0,0.069,0,0,0,0,0.29,0,0,0,0.059,0.006,0,0,0,0.172,0.017,0,0,0.046,0.001,0.001,0.001,0.043,0.001,0,0.121,0,0.062,0.035,0.016,0.005
48.723214,-125.151786,0.001,0,0.054,0,0,0,0,0.333,0,0,0,0.051,0.01,0,0,0,0.179,0.013,0,0,0.033,0.002,0,0.001,0.041,0.001,0,0.107,0,0.047,0.038,0.02,0.009
73.842697,-145.146067,0.008,0,0.034,0,0,0,0,0.337,0,0,0,0.04,0.007,0,0,0,0.189,0.018,0,0,0.033,0.001,0.002,0.002,0.03,0.001,0,0.144,0,0.041,0.031,0.013,0.003
99.981982,-164.90991,0.009,0,0.022,0,0,0,0,0.397,0,0,0,0.041,0.005,0,0,0,0.237,0.013,0,0,0.024,0,0,0.001,0.015,0.001,0,0.132,0,0.025,0.024,0.006,0.003
124.833333,-187.033333,0.006,0,0.007,0,0,0,0,0.375,0,0,0,0.02,0,0,0,0,0.209,0.015,0,0,0.029,0.001,0,0.001,0.008,0,0,0.137,0,0.023,0.024,0.005,0.002
150.675676,-205.900901,0.009,0,0.004,0,0,0,0,0.337,0,0,0,0.028,0,0,0,0,0.237,0.016,0,0,0.005,0,0,0,0.003,0,0,0.143,0,0.028,0.019,0.004,0.001
174.166667,-225.766667,0.004,0,0.009,0,0,0,0,0.369,0,0,0,0.057,0,0,0,0,0.194,0.011,0,0,0.004,0,0,0,0.002,0,0,0.138,0,0.06,0.036,0.005,0.002
196.559633,-241.229358,0.004,0,0.021,0,0,0,0,0.357,0,0,0,0.073,0,0,0,0,0.191,0.009,0,0,0.006,0.003,0,0,0.009,0,0,0.099,0,0.063,0.041,0.007,0.005
216.244444,-258.3,0.004,0,0.017,0,0,0,0,0.343,0,0,0,0.083,0.001,0,0,0,0.173,0.012,0,0,0.007,0,0,0,0.011,0,0,0.099,0,0.047,0.045,0.003,0.004
233.472222,-268.990741,0.003,0,0.018,0,0,0,0,0.3,0,0,0,0.068,0.002,0,0,0,0.158,0.006,0,0,0.013,0,0,0.001,0.006,0,0,0.121,0,0.044,0.027,0.001,0.009
249.771739,-281.326087,0.007,0,0.017,0,0,0,0,0.268,0,0,0,0.063,0.002,0,0,0,0.119,0.012,0,0,0.012,0,0,0,0.004,0,0,0.104,0,0.033,0.036,0,0.004
261.972222,-287.222222,0.006,0,0.011,0,0,0,0,0.264,0,0,0,0.028,0.002,0,0,0,0.116,0.014,0,0,0.012,0,0.001,0.002,0.006,0,0,0.094,0,0.024,0.017,0.003,0.006
272.384615,-292.483516,0.009,0,0.017,0,0,0,0,0.246,0,0,0,0.024,0.003,0,0,0,0.12,0.015,0,0,0.011,0.001,0,0.004,0.009,0,0,0.083,0,0.019,0.03,0.008,0.005
280.245455,-295.6,0.005,0,0.028,0,0,0,0,0.237,0,0,0,0.033,0.004,0,0,0,0.112,0.013,0,0,0.017,0,0,0.002,0.01,0,0,0.076,0,0.027,0.025,0.004,0.007
287.956522,-296,0.004,0,0.032,0,0,0,0,0.216,0,0,0,0.038,0.007,0,0,0,0.116,0.006,0,0,0.015,0,0,0.002,0.011,0,0,0.072,0,0.037,0.033,0.007,0.009
290.62037,-294.675926,0.007,0,0.031,0,0,0,0,0.244,0,0,0,0.043,0.001,0,0,0,0.122,0.012,0,0,0.016,0.001,0,0.001,0.017,0,0,0.072,0,0.032,0.033,0.01,0.007
294.83871,-289.817204,0.01,0,0.027,0,0,0,0,0.241,0,0,0,0.059,0.004,0,0,0,0.124,0.016,0,0,0.028,0.001,0.002,0.002,0.009,0,0,0.072,0,0.041,0.037,0.005,0.004
296,-285.536364,0.007,0,0.033,0,0,0,0,0.251,0,0,0,0.068,0.002,0,0,0,0.14,0.015,0,0,0.027,0,0.001,0.002,0.014,0,0,0.079,0,0.034,0.024,0.01,0.007
297.129032,-281.516129,0.008,0,0.045,0,0,0,0,0.257,0,0,0,0.066,0.002,0,0,0,0.142,0.02,0,0,0.02,0.001,0,0.002,0.011,0,0,0.08,0,0.045,0.024,0.008,0.007
298.809091,-276.436364,0.007,0,0.036,0,0,0,0,0.27,0,0,0,0.056,0.002,0,0,0,0.165,0.019,0,0,0.026,0.001,0,0,0.008,0,0,0.079,0,0.023,0.018,0.013,0.01
296,-271.870968,0.006,0,0.047,0,0,0,0,0.278,0,0,0,0.057,0.002,0,0,0,0.156,0.015,0,0,0.024,0.001,0.001,0.002,0.015,0,0,0.068,0,0.036,0.015,0.014,0.006
298.916667,-264.583333,0.005,0,0.042,0,0,0,0,0.266,0,0,0,0.061,0.004,0,0,0,0.172,0.016,0,0.001,0.023,0,0,0.002,0.013,0,0,0.063,0,0.029,0.019,0.016,0.008
300.417582,-253.956044,0.003,0,0.034,0,0,0,0,0.275,0,0,0,0.048,0.006,0,0,0,0.173,0.024,0,0,0.022,0,0,0,0.006,0,0,0.067,0,0.038,0.007,0.017,0.012
306.581818,-235.981818,0.005,0,0.049,0,0,0,0,0.256,0,0,0,0.053,0.004,0,0,0,0.177,0.015,0,0,0.022,0,0,0,0.003,0,0,0.067,0,0.043,0.011,0.006,0.002
316.088889,-211.844444,0.004,0,0.054,0,0,0,0,0.223,0,0,0,0.06,0.002,0,0,0,0.142,0.022,0,0,0.036,0,0,0.002,0.005,0,0,0.05,0,0.037,0.017,0.003,0.003
328.759259,-178.490741,0,0,0.046,0,0,0,0,0.221,0,0,0,0.049,0,0,0,0,0.119,0.018,0,0,0.051,0,0,0.002,0.025,0,0,0.042,0,0.036,0.015,0.009,0.002
344.56044,-140.571429,0.002,0,0.016,0,0,0,0,0.19,0,0,0,0.018,0,0,0,0,0.1,0.008,0,0,0.049,0,0,0,0.045,0,0,0.056,0,0.02,0.008,0,0.001
361.64486,-96.53271,0,0,0.02,0,0,0,0,0.143,0,0,0,0.033,0,0,0,0,0.069,0.009,0,0,0.031,0,0,0,0.021,0,0,0.051,0,0.042,0.028,0,0.001
380.348315,-51.123596,0.004,0,0.004,0,0,0,0,0.143,0,0,0,0.021,0.001,0,0,0,0.07,0.002,0,0,0.026,0,0,0.002,0.013,0,0,0.04,0,0.026,0.013,0.001,0
398.009259,-2.490741,0.003,0,0.007,0,0,0,0,0.123,0,0,0,0.026,0.001,0,0,0,0.063,0.005,0,0,0.039,0,0,0,0.021,0,0,0.031,0,0.025,0.018,0.001,0
415.366667,46.911111,0.004,0,0.005,0,0,0,0,0.207,0,0,0,0.019,0,0,0,0,0.167,0.004,0,0,0.027,0,0,0,0.021,0,0,0.079,0,0.03,0.025,0.001,0
431.436364,93.736364,0.001,0,0.011,0,0,0,0,0.35,0,0,0,0.058,0.001,0,0,0,0.209,0.013,0,0,0.028,0,0,0,0.015,0.001,0,0.145,0,0.041,0.031,0.002,0
446.329545,138.863636,0.001,0,0.032,0,0,0,0,0.386,0,0,0,0.078,0,0,0,0,0.158,0.025,0,0,0.034,0,0,0,0.013,0,0,0.108,0,0.061,0.035,0.004,0
461.345133,180.690265,0.001,0,0.038,0,0,0,0,0.296,0,0,0,0.082,0,0,0,0,0.119,0.019,0,0,0.047,0.002,0,0,0.039,0,0,0.054,0,0.114,0.084,0.012,0.002
474.793478,221.434783,0,0,0.04,0,0,0,0,0.232,0,0,0,0.061,0.003,0,0,0,0.106,0.016,0,0,0.028,0,0,0.002,0.016,0,0,0.049,0,0.053,0.035,0.009,0.002
485.04386,254.973684,0.002,0,0.032,0,0,0,0,0.135,0,0,0,0.038,0.002,0,0,0,0.052,0.007,0,0,0.027,0,0,0,0.007,0,0,0.033,0,0.034,0.024,0.005,0.002
493.588889,281.955556,0.001,0,0.035,0,0,0,0,0.173,0,0,0,0.042,0.001,0,0,0,0.087,0.02,0,0,0.025,0,0,0.002,0.014,0,0,0.042,0,0.051,0.031,0.005,0.005
501.921739,308.834783,0.008,0,0.035,0,0,0,0,0.236,0,0,0,0.065,0,0,0,0,0.113,0.023,0,0,0.022,0,0.001,0,0.008,0,0,0.063,0,0.046,0.032,0.003,0.013
508.315217,332.576087,0.009,0,0.026,0,0,0,0,0.24,0,0,0,0.045,0.003,0,0,0,0.144,0.018,0,0,0.02,0,0.001,0.001,0.003,0.002,0,0.079,0,0.045,0.027,0.005,0.007
513,348.026786,0.007,0,0.018,0,0,0,0,0.278,0,0,0,0.042,0,0,0,0,0.154,0.017,0,0,0.009,0,0.001,0,0.001,0,0,0.102,0,0.037,0.028,0.002,0.014
516.752688,358.483871,0.015,0,0.019,0,0,0,0,0.298,0,0,0,0.031,0,0,0,0,0.156,0.011,0,0,0.012,0,0.001,0,0.001,0.004,0,0.121,0,0.027,0.016,0.002,0.011
519,365,0.025,0,0.018,0,0,0,0,0.289,0,0,0,0.038,0,0,0,0,0.163,0.016,0,0,0.006,0,0.001,0.001,0.002,0.001,0,0.131,0,0.036,0.023,0.001,0.016
520.5,367.891304,0.033,0,0.02,0,0,0,0,0.303,0,0,0,0.024,0,0,0,0,0.171,0.011,0,0,0.005,0,0.001,0,0.001,0.002,0,0.123,0,0.028,0.016,0.003,0.015
522.443478,366.53913,0.034,0,0.011,0,0,0,0,0.297,0,0,0,0.035,0.001,0,0,0,0.173,0.01,0,0,0.006,0,0.004,0,0.001,0.005,0,0.122,0,0.025,0.016,0.002,0.018
521.738095,359.309524,0.022,0,0.022,0,0,0,0,0.349,0,0,0,0.028,0,0,0,0,0.16,0.015,0,0,0.004,0,0.004,0.001,0,0.001,0,0.119,0,0.02,0.021,0.005,0.018
519,352.594937,0.03,0,0.021,0,0,0,0,0.307,0,0,0,0.032,0.003,0,0,0,0.191,0.009,0,0,0.001,0,0.001,0,0.004,0.008,0,0.112,0,0.036,0.03,0.004,0.011
518.811024,345.023622,0.037,0,0.028,0,0,0,0,0.262,0,0,0,0.047,0,0,0,0,0.162,0.013,0,0,0.008,0,0.001,0,0,0.006,0,0.133,0,0.036,0.028,0.003,0.021
517.525,335.8,0.026,0,0.025,0,0,0,0,0.308,0,0,0,0.036,0,0,0,0,0.169,0.014,0,0,0.008,0.001,0.003,0.001,0.002,0.002,0,0.122,0,0.048,0.033,0.008,0.018
514.84,328.248,0.024,0,0.023,0,0,0,0,0.312,0,0,0,0.042,0,0,0,0,0.164,0.017,0,0.001,0.009,0.001,0.001,0,0.001,0.003,0,0.133,0,0.038,0.04,0.002,0.018
514,319.463415,0.021,0,0.021,0,0,0,0,0.299,0,0,0,0.043,0.001,0,0,0,0.187,0.021,0,0,0.009,0,0.004,0.001,0.003,0,0,0.113,0,0.031,0.036,0.002,0.013
511.144,311.672,0.025,0,0.021,0,0,0,0,0.299,0,0,0,0.041,0.002,0,0,0,0.173,0.022,0,0,0.012,0,0.002,0,0.001,0.004,0,0.115,0,0.04,0.035,0.004,0.024
507.26506,304.289157,0.015,0,0.026,0,0,0,0,0.302,0,0,0,0.041,0.002,0,0,0,0.18,0.018,0,0,0.013,0,0.006,0.002,0.003,0.004,0,0.107,0,0.04,0.035,0.006,0.015
498.439024,297.365854,0.012,0,0.024,0,0,0,0,0.29,0,0,0,0.043,0.002,0,0,0,0.172,0.026,0,0,0.012,0,0.003,0,0.008,0.001,0,0.104,0,0.053,0.036,0.008,0.01
485.083333,288.107143,0.012,0,0.027,0,0,0,0,0.308,0,0,0,0.055,0.001,0,0,0,0.162,0.018,0,0,0.015,0,0.001,0.002,0.007,0.004,0,0.074,0,0.053,0.031,0.006,0.026
470.040984,282.885246,0.015,0,0.038,0,0,0,0,0.261,0,0,0,0.051,0.003,0,0,0,0.142,0.018,0,0,0.017,0,0,0.002,0.012,0.003,0,0.08,0,0.043,0.037,0.003,0.021
450.883721,275.686047,0.012,0,0.033,0,0,0,0,0.271,0,0,0,0.049,0.003,0,0,0,0.149,0.023,0,0.001,0.023,0,0.002,0.002,0.007,0.002,0,0.068,0,0.036,0.048,0.005,0.021
429.032787,270.286885,0.01,0,0.043,0,0,0,0,0.278,0,0,0,0.067,0.004,0,0,0,0.129,0.018,0,0,0.02,0.002,0.001,0.005,0.009,0.005,0,0.091,0,0.053,0.037,0.007,0.026
405.674419,265.093023,0.012,0,0.063,0,0,0,0,0.281,0,0,0,0.055,0.002,0,0,0,0.141,0.014,0,0,0.021,0,0.002,0.003,0.014,0.003,0,0.059,0,0.062,0.04,0.007,0.033
380.425,261.291667,0.014,0,0.054,0,0,0,0,0.285,0,0,0,0.075,0.003,0,0,0,0.143,0.017,0,0,0.019,0.002,0.002,0.002,0.014,0.001,0,0.076,0,0.058,0.051,0.007,0.019
356.505747,256,0.01,0,0.071,0,0,0,0,0.291,0,0,0,0.068,0.01,0,0,0,0.151,0.027,0,0,0.02,0,0,0,0.015,0.004,0,0.086,0,0.052,0.057,0.014,0.026
333.940171,253.538462,0.008,0,0.063,0,0,0,0,0.314,0,0,0,0.089,0.007,0,0,0,0.131,0.024,0,0,0.024,0.001,0.003,0.004,0.016,0.001,0,0.079,0,0.062,0.059,0.008,0.022
313.696629,248.853933,0.008,0,0.042,0,0,0,0,0.318,0,0,0,0.104,0.002,0,0,0,0.124,0.026,0,0,0.019,0.001,0,0.001,0.019,0.001,0,0.069,0,0.082,0.089,0.008,0.027
293.466102,248,0.007,0,0.054,0,0,0,0,0.349,0,0,0,0.103,0.004,0,0,0,0.125,0.027,0,0,0.017,0.002,0.002,0.002,0.009,0.002,0,0.083,0,0.079,0.074,0.011,0.018
276.539326,244.966292,0.006,0,0.05,0,0,0,0,0.326,0,0,0,0.082,0.008,0,0,0,0.133,0.022,0,0,0.027,0,0.004,0,0.011,0.001,0,0.089,0,0.092,0.087,0.01,0.017
262.601695,243,0.009,0,0.053,0,0,0,0,0.32,0,0,0,0.091,0.003,0,0,0,0.143,0.02,0,0,0.026,0,0.002,0.002,0.022,0,0,0.082,0,0.098,0.06,0.008,0.019
250.758242,243,0.009,0,0.051,0,0,0,0,0.31,0,0,0,0.106,0.004,0,0,0,0.135,0.015,0,0,0.03,0,0.001,0.002,0.021,0.001,0,0.079,0,0.092,0.075,0.015,0.013
241.401709,243,0.005,0,0.063,0,0,0,0,0.295,0,0,0,0.093,0.002,0,0,0,0.149,0.009,0,0.001,0.023,0.002,0.004,0.002,0.011,0,0,0.102,0,0.09,0.064,0.021,0.014
234.637363,243,0.008,0,0.051,0,0,0,0,0.307,0,0,0,0.093,0.005,0,0,0,0.163,0.02,0,0,0.034,0.001,0.002,0.004,0.019,0.001,0,0.106,0,0.069,0.047,0.013,0.016
231.008547,241.512821,0.009,0,0.055,0,0,0,0,0.318,0,0,0,0.072,0.005,0,0,0,0.168,0.016,0,0,0.02,0.003,0.002,0.003,0.012,0.001,0,0.088,0,0.077,0.059,0.022,0.011
228.467391,240,0.012,0,0.056,0,0,0,0,0.326,0,0,0,0.084,0.006,0,0,0,0.149,0.015,0,0,0.03,0.003,0.001,0.002,0.01,0.002,0,0.093,0,0.065,0.065,0.014,0.014
226.258621,241.991379,0.007,0,0.071,0,0,0,0,0.316,0,0,0,0.073,0.008,0,0,0,0.159,0.017,0,0,0.033,0.004,0.002,0.002,0.015,0.001,0,0.087,0,0.061,0.065,0.01,0.016
226.108696,244.108696,0.012,0,0.047,0,0,0,0,0.311,0,0,0,0.07,0.008,0,0,0,0.159,0.021,0,0,0.028,0.002,0.001,0.003,0.022,0.001,0,0.095,0,0.065,0.066,0.016,0.018
227.678261,247.452174,0.01,0,0.047,0,0,0,0,0.312,0,0,0,0.087,0.004,0,0,0,0.154,0.014,0,0,0.028,0.005,0.002,0.004,0.021,0.003,0,0.092,0,0.075,0.066,0.015,0.019
230,248.382022,0.009,0,0.05,0,0,0,0,0.304,0,0,0,0.073,0.005,0,0,0,0.178,0.026,0,0,0.026,0.004,0.002,0.006,0.018,0.002,0,0.089,0,0.074,0.061,0.012,0.013
230.864407,250,0.013,0,0.039,0,0,0,0,0.322,0,0,0,0.067,0.008,0,0,0,0.161,0.018,0,0,0.025,0.001,0.005,0.005,0.015,0.002,0,0.102,0,0.087,0.05,0.016,0.012
233.846154,252.406593,0.006,0,0.055,0,0,0,0,0.355,0,0,0,0.078,0.005,0,0,0,0.132,0.025,0,0,0.021,0.001,0.002,0.001,0.009,0.002,0,0.084,0,0.094,0.061,0.017,0.016
237.205128,253,0.005,0,0.052,0,0,0,0,0.357,0,0,0,0.073,0.003,0,0,0,0.136,0.025,0,0,0.028,0.001,0.001,0.002,0.014,0.003,0,0.078,0,0.078,0.062,0.015,0.022
239.868132,255.538462,0.007,0,0.05,0,0,0,0,0.349,0,0,0,0.085,0.006,0,0,0,0.162,0.02,0,0,0.033,0,0.001,0.002,0.023,0,0,0.083,0,0.064,0.05,0.012,0.018
242.586207,256,0.008,0,0.058,0,0,0,0,0.346,0,0,0,0.074,0.003,0,0,0,0.143,0.014,0,0,0.031,0.001,0,0.002,0.018,0.001,0,0.094,0,0.076,0.057,0.011,0.014
244.978022,256,0.005,0,0.045,0,0,0,0,0.352,0,0,0,0.073,0.002,0,0,0,0.134,0.022,0,0,0.027,0.001,0.001,0.002,0.017,0.002,0,0.083,0,0.086,0.062,0.017,0.015
245,255.895652,0.007,0,0.046,0,0,0,0,0.342,0,0,0,0.082,0.005,0,0,0,0.129,0.028,0,0,0.017,0.002,0.001,0.001,0.02,0,0,0.079,0,0.093,0.065,0.013,0.017
244.021739,251.228261,0.011,0,0.027,0,0,0,0,0.351,0,0,0,0.091,0.004,0,0,0,0.152,0.023,0,0,0.026,0,0,0.002,0.014,0.002,0,0.085,0,0.079,0.052,0.01,0.018
238.784483,244.568966,0.008,0,0.037,0,0,0,0,0.335,0,0,0,0.086,0.003,0,0,0,0.149,0.024,0,0,0.022,0.002,0.002,0.001,0.015,0,0,0.085,0,0.081,0.069,0.006,0.019
224.387097,230.483871,0.003,0,0.049,0,0,0,0,0.34,0,0,0,0.079,0,0,0,0,0.134,0.015,0,0,0.027,0.001,0.002,0.001,0.022,0,0,0.091,0,0.083,0.061,0.011,0.019
207.868421,213.070175,0,0,0.043,0,0,0,0,0.375,0,0,0,0.062,0.005,0,0,0,0.151,0.012,0,0,0.035,0,0.002,0.002,0.015,0.001,0,0.083,0,0.07,0.055,0.006,0.014
187.891304,193.815217,0.003,0,0.063,0,0,0,0,0.341,0,0,0,0.069,0,0,0,0,0.149,0.019,0,0,0.047,0.001,0.001,0.004,0.022,0.001,0,0.092,0,0.058,0.039,0.008,0.006
167.681416,172.690265,0.006,0,0.066,0,0,0,0,0.34,0,0,0,0.064,0.007,0,0,0,0.124,0.011,0,0,0.05,0.003,0.001,0.003,0.025,0.001,0,0.08,0,0.059,0.044,0.013,0.008
146.263736,148.186813,0.002,0,0.073,0,0,0,0,0.262,0,0,0,0.055,0.008,0,0,0,0.107,0.014,0,0,0.066,0.001,0,0.002,0.044,0,0,0.052,0,0.056,0.039,0.015,0.009
124.070796,126.840708,0.001,0,0.076,0,0,0,0,0.24,0,0,0,0.057,0.006,0,0,0,0.104,0.008,0,0,0.06,0.002,0.005,0.004,0.047,0.001,0,0.051,0,0.053,0.047,0.009,0.012
100.87234,103.085106,0.001,0,0.108,0,0,0,0,0.26,0,0,0,0.047,0.009,0,0,0,0.098,0.009,0,0,0.059,0.002,0,0.002,0.06,0,0,0.052,0,0.047,0.041,0.022,0.01
79.590909,80.572727,0.002,0,0.088,0,0,0,0,0.246,0,0,0,0.054,0.007,0,0,0,0.109,0.011,0,0,0.064,0.007,0,0.01,0.063,0.001,0,0.059,0,0.052,0.054,0.015,0.005
48.305556,51.201389,0.005,0,0.085,0,0,0,0,0.26,0,0,0,0.057,0.016,0,0,0,0.097,0.017,0,0,0.061,0.001,0.001,0.003,0.057,0,0,0.045,0,0.07,0.035,0.017,0.017
21.932773,26.747899,0.005,0,0.084,0,0,0,0,0.259,0,0,0,0.064,0.015,0,0,0,0.092,0.012,0,0,0.068,0.002,0,0.005,0.067,0.001,0,0.041,0,0.065,0.038,0.023,0.011
5.036585,11,0.005,0,0.126,0,0,0,0,0.22,0,0,0,0.06,0.01,0,0,0,0.106,0.01,0,0,0.066,0.004,0.002,0.003,0.058,0.001,0,0.047,0,0.043,0.037,0.022,0.021
-8.216,1.44,0.009,0,0.119,0,0,0,0,0.243,0,0,0,0.062,0.017,0,0,0,0.084,0.016,0,0,0.08,0.003,0.001,0.008,0.056,0.002,0,0.044,0,0.046,0.042,0.017,0.012
-22.096386,-7.807229,0.006,0,0.11,0,0,0,0,0.224,0,0,0,0.066,0.021,0,0,0,0.085,0.012,0,0,0.082,0.004,0,0.008,0.064,0.001,0,0.034,0,0.042,0.049,0.023,0.022
-32.814516,-14.653226,0.002,0,0.106,0,0,0,0,0.227,0,0,0,0.079,0.02,0,0,0,0.093,0.007,0,0,0.085,0.001,0,0.01,0.07,0.002,0,0.037,0,0.065,0.047,0.018,0.02
-41.609756,-17.987805,0.003,0,0.113,0,0,0,0,0.273,0,0,0,0.067,0.009,0,0,0,0.07,0.01,0,0,0.077,0.004,0.002,0.005,0.064,0,0,0.032,0,0.064,0.056,0.033,0.022
-48.959677,-21.766129,0.002,0,0.114,0,0,0,0,0.273,0,0,0,0.076,0.013,0,0,0,0.081,0.018,0,0,0.073,0.002,0.003,0.006,0.055,0,0,0.041,0,0.063,0.041,0.026,0.021
-55,-23,0.006,0,0.105,0,0,0,0,0.255,0,0,0,0.087,0.011,0,0,0,0.085,0.022,0,0,0.064,0.003,0.003,0.004,0.053,0.002,0,0.044,0,0.079,0.049,0.016,0.023
-57.752066,-23,0.005,0,0.097,0,0,0,0,0.271,0,0,0,0.089,0.019,0,0,0,0.093,0.012,0,0.001,0.073,0.002,0.003,0.004,0.056,0,0,0.042,0,0.069,0.051,0.017,0.018
-58,-23,0.005,0,0.101,0,0,0,0,0.265,0,0,0,0.074,0.017,0,0,0,0.095,0.014,0,0,0.075,0.005,0.003,0.005,0.063,0,0,0.046,0,0.063,0.047,0.021,0.022
-60.065574,-23,0.005,0,0.104,0,0,0,0,0.26,0,0,0,0.075,0.012,0,0,0,0.089,0.014,0,0,0.075,0.007,0.002,0.004,0.06,0,0,0.041,0,0.069,0.05,0.029,0.023
-59.22093,-22.651163,0.008,0,0.095,0,0,0,0,0.259,0,0,0,0.074,0.015,0,0,0,0.089,0.014,0,0,0.078,0.005,0.001,0.006,0.053,0,0,0.037,0,0.065,0.053,0.024,0.023
-57.566667,-20,0.005,0,0.114,0,0,0,0,0.241,0,0,0,0.072,0.01,0,0,0,0.08,0.018,0,0,0.079,0.005,0,0.005,0.053,0.001,0,0.044,0,0.072,0.041,0.032,0.021
-55.576471,-20,0.008,0,0.109,0,0,0,0,0.267,0,0,0,0.075,0.016,0,0,0,0.102,0.013,0,0,0.065,0.006,0,0.006,0.052,0.002,0,0.034,0,0.059,0.038,0.022,0.018
-50.041322,-23.14876,0.006,0,0.127,0,0,0,0,0.26,0,0,0,0.074,0.013,0,0,0,0.076,0.014,0,0,0.071,0.001,0.003,0.002,0.05,0.001,0,0.048,0,0.072,0.044,0.019,0.02
-40.136364,-30.806818,0.007,0,0.131,0,0,0,0,0.239,0,0,0,0.08,0.023,0,0,0,0.079,0.012,0,0,0.05,0.004,0.001,0.011,0.057,0.001,0,0.034,0,0.068,0.046,0.02,0.016
-25.697479,-40.218487,0.003,0,0.139,0,0,0,0,0.249,0,0,0,0.079,0.015,0,0,0,0.075,0.015,0,0,0.058,0.004,0.002,0.005,0.044,0,0,0.04,0,0.06,0.033,0.028,0.019
-6.218391,-57.011494,0.006,0,0.098,0,0,0,0,0.272,0,0,0,0.061,0.014,0,0,0,0.101,0.016,0,0,0.07,0.001,0.002,0.007,0.051,0.002,0,0.035,0,0.062,0.055,0.023,0.018
13.470085,-75.358974,0.011,0,0.108,0,0,0,0,0.272,0,0,0,0.069,0.012,0,0,0,0.109,0.019,0,0,0.055,0.005,0.001,0.002,0.045,0.001,0,0.056,0,0.066,0.035,0.027,0.017
37.298851,-97.126437,0.008,0,0.071,0,0,0,0,0.287,0,0,0,0.054,0.009,0,0,0,0.178,0.016,0,0.001,0.042,0.002,0.001,0.006,0.042,0.001,0,0.108,0,0.048,0.032,0.017,0.007
62.106195,-119.106195,0.001,0,0.061,0,0,0,0,0.309,0,0,0,0.052,0.007,0,0,0,0.204,0.01,0,0,0.041,0.001,0,0.004,0.034,0,0,0.11,0,0.041,0.03,0.016,0.009
89.689655,-142.218391,0.01,0,0.037,0,0,0,0,0.264,0,0,0,0.033,0.003,0,0,0,0.256,0.009,0,0,0.027,0,0,0.005,0.022,0,0,0.142,0,0.027,0.024,0.008,0.011
116.747748,-165.135135,0.01,0,0.021,0,0,0,0,0.326,0,0,0,0.032,0.002,0,0,0,0.249,0.014,0,0,0.017,0,0,0,0.011,0,0,0.175,0,0.029,0.031,0.005,0.006
144,-187.337209,0.008,0,0.004,0,0,0,0,0.325,0,0,0,0.021,0,0,0,0,0.228,0.012,0,0,0,0,0,0,0,0,0,0.161,0,0.015,0.015,0.003,0.001
169.741071,-206.6875,0.017,0,0.002,0,0,0,0,0.317,0,0,0,0.02,0,0,0,0,0.209,0.006,0,0,0,0,0,0,0.001,0,0,0.142,0,0.029,0.023,0.001,0.004
195.298851,-225.885057,0.002,0,0.012,0,0,0,0,0.31,0,0,0,0.055,0,0,0,0,0.178,0.012,0,0,0.005,0.002,0,0.002,0.007,0.001,0,0.109,0,0.049,0.046,0,0
218.330357,-239.616071,0.008,0,0.007,0,0,0,0,0.3,0,0,0,0.051,0,0,0,0,0.184,0.009,0,0,0.006,0,0,0,0.007,0,0,0.083,0,0.057,0.041,0.003,0.003
238.873563,-254.264368,0.004,0,0.01,0,0,0,0,0.29,0,0,0,0.051,0.001,0,0,0,0.182,0.014,0,0,0.005,0,0,0,0.005,0,0,0.107,0,0.049,0.027,0.003,0.001
259,-264.441441,0.004,0,0.019,0,0,0,0,0.301,0,0,0,0.055,0.001,0,0,0,0.164,0.011,0,0,0.012,0,0,0,0.002,0,0,0.091,0,0.033,0.022,0,0.002
275.420455,-274.329545,0.002,0,0.021,0,0,0,0,0.24,0,0,0,0.044,0,0,0,0,0.151,0.015,0,0,0.009,0,0,0,0.004,0.002,0,0.075,0,0.041,0.019,0.001,0.002
289.848214,-280.6875,0.003,0,0.023,0,0,0,0,0.218,0,0,0,0.048,0.001,0,0,0,0.132,0.01,0,0,0.013,0.001,0,0.001,0.007,0,0,0.06,0,0.038,0.023,0.007,0.002
300.034483,-286.229885,0.007,0,0.029,0,0,0,0,0.215,0,0,0,0.051,0,0,0,0,0.108,0.01,0,0,0.013,0.001,0,0.001,0.005,0,0,0.06,0,0.039,0.024,0.005,0.011
309.25,-290.107143,0.005,0,0.055,0,0,0,0,0.248,0,0,0,0.059,0.004,0,0,0,0.11,0.004,0,0,0.015,0,0,0.002,0.01,0.002,0,0.057,0,0.05,0.034,0.008,0.009
315.636364,-293.215909,0.003,0,0.063,0,0,0,0,0.27,0,0,0,0.072,0.005,0,0,0,0.099,0.02,0,0,0.01,0.002,0.002,0,0.013,0,0,0.052,0,0.066,0.045,0.008,0.009
319.491071,-294,0.002,0,0.055,0,0,0,0,0.267,0,0,0,0.062,0.004,0,0,0,0.115,0.016,0,0,0.023,0.001,0.002,0.001,0.012,0.001,0,0.051,0,0.058,0.05,0.01,0.013
323.921348,-294,0.004,0,0.069,0,0,0,0,0.26,0,0,0,0.064,0.004,0,0,0,0.106,0.016,0,0,0.019,0.002,0,0.002,0.013,0.001,0,0.059,0,0.067,0.051,0.018,0.011
325,-294,0.003,0,0.056,0,0,0,0,0.281,0,0,0,0.064,0.002,0,0,0,0.117,0.026,0,0,0.033,0,0.001,0.002,0.012,0.001,0,0.05,0,0.066,0.05,0.011,0.005
325,-291.94382,0.001,0,0.066,0,0,0,0,0.278,0,0,0,0.072,0.004,0,0,0,0.114,0.016,0,0,0.024,0.001,0,0.005,0.014,0,0,0.052,0,0.067,0.055,0.016,0.007
324.552632,-290.035088,0.004,0,0.071,0,0,0,0,0.263,0,0,0,0.077,0.003,0,0,0,0.119,0.019,0,0,0.032,0.001,0.001,0.002,0.015,0.001,0,0.049,0,0.067,0.047,0.024,0.002
321.450549,-287.615385,0.004,0,0.064,0,0,0,0,0.294,0,0,0,0.062,0.004,0,0,0,0.14,0.019,0,0,0.025,0.005,0,0,0.012,0,0,0.042,0,0.052,0.041,0.026,0.009
315.767857,-285.071429,0.008,0,0.071,0,0,0,0,0.264,0,0,0,0.063,0,0,0,0,0.155,0.024,0,0,0.024,0.002,0,0.001,0.016,0.001,0,0.044,0,0.049,0.043,0.022,0.01
314,-281.021978,0.004,0,0.054,0,0,0,0,0.294,0,0,0,0.066,0.005,0,0,0,0.159,0.024,0,0,0.013,0,0,0.001,0.007,0,0,0.059,0,0.056,0.042,0.016,0.007
312.2,-272.136364,0.005,0,0.047,0,0,0,0,0.297,0,0,0,0.055,0.004,0,0,0,0.16,0.027,0,0,0.021,0.001,0,0,0.008,0,0,0.072,0,0.053,0.031,0.015,0.007
314.615385,-256.923077,0.005,0,0.046,0,0,0,0,0.296,0,0,0,0.05,0.005,0,0,0,0.176,0.019,0,0,0.015,0.001,0.001,0.002,0.008,0,0,0.087,0,0.047,0.025,0.011,0.011
321.672727,-234.709091,0.004,0,0.045,0,0,0,0,0.286,0,0,0,0.068,0.002,0,0,0,0.192,0.023,0,0,0.023,0,0,0,0.012,0,0,0.076,0,0.039,0.023,0.014,0.006
331.576087,-203.902174,0.002,0,0.06,0,0,0,0,0.253,0,0,0,0.071,0,0,0,0,0.142,0.023,0,0,0.032,0.001,0,0,0.014,0,0,0.052,0,0.033,0.011,0.007,0.006
345.570093,-165.523364,0.003,0,0.047,0,0,0,0,0.247,0,0,0,0.033,0.003,0,0,0,0.103,0.016,0,0,0.054,0,0,0.001,0.042,0,0,0.06,0,0.027,0.013,0.013,0.004
360.054945,-125.241758,0.003,0,0.027,0,0,0,0,0.199,0,0,0,0.02,0,0,0,0,0.077,0.011,0,0,0.045,0,0,0.003,0.052,0,0,0.05,0,0.025,0.006,0.002,0.001
377.364486,-78.962617,0,0,0.022,0,0,0,0,0.142,0,0,0,0.026,0,0,0,0,0.052,0.007,0,0,0.04,0,0,0.002,0.024,0,0,0.054,0,0.031,0.016,0.007,0
405.712644,-3.816092,0,0,0.01,0,0,0,0,0.147,0,0,0,0.016,0,0,0,0,0.057,0.009,0,0,0.037,0,0,0.001,0.015,0,0,0.035,0,0.025,0.024,0.001,0
436.870968,81.846774,0.001,0,0.012,0,0,0,0,0.308,0,0,0,0.037,0.002,0,0,0,0.229,0.012,0,0,0.04,0,0,0.001,0.018,0,0,0.136,0,0.034,0.021,0.009,0.002
453.123288,128.09589,0,0,0.035,0,0,0,0,0.376,0,0,0,0.056,0.001,0,0,0,0.146,0.02,0,0,0.038,0,0,0,0.022,0,0,0.125,0,0.052,0.035,0,0.001
465.953125,163.015625,0,0,0.059,0,0,0,0,0.287,0,0,0,0.088,0,0,0,0,0.102,0.01,0,0,0.047,0.005,0,0.001,0.046,0,0,0.06,0,0.098,0.084,0.017,0.002
482.717949,212.051282,0,0,0.04,0,0,0,0,0.233,0,0,0,0.053,0.002,0,0,0,0.102,0.019,0,0,0.025,0,0,0,0.015,0,0,0.051,0,0.056,0.044,0.008,0.013
495.094488,248.622047,0.001,0,0.032,0,0,0,0,0.208,0,0,0,0.055,0,0,0,0,0.076,0.009,0,0,0.021,0,0,0.001,0.009,0,0,0.031,0,0.032,0.025,0.009,0.003
505.935897,281.692308,0,0,0.029,0,0,0,0,0.205,0,0,0,0.052,0.001,0,0,0,0.086,0.009,0,0,0.02,0.001,0,0.001,0.009,0,0,0.043,0,0.047,0.034,0.008,0.005
514.233871,305.024194,0.005,0,0.039,0,0,0,0,0.237,0,0,0,0.044,0.003,0,0,0,0.114,0.017,0,0,0.019,0,0,0.001,0.006,0,0,0.075,0,0.055,0.031,0.005,0.009
522.75,329.5125,0.008,0,0.023,0,0,0,0,0.262,0,0,0,0.049,0,0,0,0,0.134,0.025,0,0,0.009,0,0,0,0.002,0,0,0.09,0,0.042,0.029,0.002,0.011
527.76,345,0.011,0,0.033,0,0,0,0,0.291,0,0,0,0.035,0,0,0,0,0.151,0.022,0,0,0.006,0,0,0,0.001,0.001,0,0.112,0,0.039,0.032,0.001,0.015
531.62963,357.54321,0.016,0,0.01,0,0,0,0,0.299,0,0,0,0.038,0,0,0,0,0.162,0.006,0,0,0.008,0,0.003,0.001,0,0,0,0.102,0,0.033,0.026,0.003,0.014
535.746032,365.436508,0.04,0,0.015,0,0,0,0,0.303,0,0,0,0.031,0,0,0,0,0.174,0.011,0,0,0.004,0,0.002,0,0.002,0.004,0,0.104,0,0.03,0.016,0.001,0.018
538.642857,370.857143,0.025,0,0.011,0,0,0,0,0.308,0,0,0,0.027,0,0,0,0,0.159,0.011,0,0.001,0.004,0,0.001,0.001,0.002,0.004,0,0.12,0,0.018,0.016,0.002,0.014
539.645669,372.637795,0.027,0,0.011,0,0,0,0,0.315,0,0,0,0.025,0,0,0,0,0.156,0.01,0,0,0.003,0,0.002,0.001,0.002,0.001,0,0.123,0,0.017,0.021,0.003,0.014
540.444444,372.185185,0.027,0,0.008,0,0,0,0,0.327,0,0,0,0.03,0.001,0,0,0,0.173,0.006,0,0,0.003,0,0,0,0.002,0.003,0,0.116,0,0.014,0.018,0.001,0.014
541.634921,369.587302,0.031,0,0.012,0,0,0,0,0.322,0,0,0,0.03,0,0,0,0,0.172,0.01,0,0,0.001,0.001,0.002,0,0.003,0.004,0,0.111,0,0.017,0.014,0,0.016
542,364.8,0.021,0,0.014,0,0,0,0,0.324,0,0,0,0.029,0,0,0,0,0.172,0.011,0,0,0.003,0,0.003,0,0,0.002,0,0.132,0,0.035,0.018,0,0.014
542,359.03937,0.026,0,0.009,0,0,0,0,0.322,0,0,0,0.033,0.002,0,0,0,0.165,0.008,0,0,0.008,0.001,0.002,0.001,0,0.002,0,0.13,0,0.02,0.025,0.002,0.011
542,352.5,0.025,0,0.012,0,0,0,0,0.297,0,0,0,0.032,0,0,0,0,0.18,0.013,0,0,0.002,0,0.004,0,0.004,0.003,0,0.111,0,0.033,0.026,0.001,0.011
541.290323,347.016129,0.022,0,0.012,0,0,0,0,0.308,0,0,0,0.035,0,0,0,0,0.163,0.015,0,0,0.004,0,0.001,0.001,0.003,0.002,0,0.124,0,0.031,0.021,0.002,0.018
541.146341,338.743902,0.021,0,0.019,0,0,0,0,0.309,0,0,0,0.023,0,0,0,0,0.173,0.012,0,0,0.005,0.001,0,0,0.001,0.004,0,0.124,0,0.023,0.021,0.002,0.013
540.233871,332.362903,0.024,0,0.026,0,0,0,0,0.318,0,0,0,0.03,0.001,0,0,0,0.167,0.012,0,0,0.003,0,0.002,0,0,0.005,0,0.11,0,0.03,0.027,0.002,0.023
534.821429,325.869048,0.03,0,0.022,0,0,0,0,0.303,0,0,0,0.029,0,0,0,0,0.164,0.008,0,0,0.004,0,0.001,0.001,0.005,0.004,0,0.107,0,0.038,0.039,0.005,0.016
526.766129,318.5,0.023,0,0.016,0,0,0,0,0.282,0,0,0,0.044,0.001,0,0,0,0.155,0.017,0,0,0.007,0.001,0.001,0.002,0.005,0.003,0,0.107,0,0.056,0.025,0.002,0.012
512.433735,312.144578,0.017,0,0.015,0,0,0,0,0.273,0,0,0,0.041,0.001,0,0,0,0.175,0.017,0,0,0.014,0,0.002,0.002,0.004,0,0,0.107,0,0.055,0.028,0.004,0.012
495.409836,305.967213,0.014,0,0.026,0,0,0,0,0.311,0,0,0,0.036,0,0,0,0,0.145,0.016,0,0,0.018,0.001,0.001,0.004,0.007,0.003,0,0.102,0,0.047,0.029,0.002,0.014
474.5,300.357143,0.009,0,0.023,0,0,0,0,0.279,0,0,0,0.039,0.002,0,0,0,0.167,0.019,0,0,0.012,0.001,0,0,0.003,0.001,0,0.095,0,0.047,0.037,0.004,0.014
451.836066,292.991803,0.018,0,0.027,0,0,0,0,0.273,0,0,0,0.04,0.004,0,0,0,0.141,0.025,0,0,0.016,0,0.003,0,0.01,0.002,0,0.081,0,0.045,0.038,0.011,0.016
425.5,287.255814,0.009,0,0.027,0,0,0,0,0.259,0,0,0,0.061,0.002,0,0,0,0.155,0.016,0,0,0.01,0,0.002,0,0.011,0.001,0,0.079,0,0.043,0.029,0.011,0.016
401.737705,280.352459,0.016,0,0.044,0,0,0,0,0.286,0,0,0,0.054,0.001,0,0,0,0.148,0.024,0,0,0.019,0.001,0.001,0.003,0.007,0.001,0,0.088,0,0.038,0.03,0.004,0.021
376.494253,274.367816,0.011,0,0.048,0,0,0,0,0.284,0,0,0,0.06,0.002,0,0,0,0.168,0.025,0,0,0.022,0.002,0.003,0.001,0.009,0,0,0.091,0,0.056,0.037,0.009,0.012
355.652893,267.719008,0.014,0,0.053,0,0,0,0,0.3,0,0,0,0.077,0.005,0,0,0,0.145,0.017,0,0,0.015,0.001,0.007,0.001,0.013,0.001,0,0.114,0,0.063,0.042,0.004,0.019
330.34375,260.666667,0.011,0,0.057,0,0,0,0,0.331,0,0,0,0.086,0.004,0,0,0,0.144,0.031,0,0,0.018,0,0.002,0.001,0.012,0,0,0.069,0,0.067,0.054,0.006,0.018
309.472441,254.102362,0.007,0,0.046,0,0,0,0,0.299,0,0,0,0.088,0,0,0,0,0.161,0.021,0,0,0.024,0,0.002,0.001,0.007,0.002,0,0.072,0,0.086,0.089,0.012,0.015
290.259259,248.555556,0.008,0,0.042,0,0,0,0,0.329,0,0,0,0.095,0.002,0,0,0,0.148,0.026,0,0.001,0.02,0.001,0,0,0.012,0.001,0,0.076,0,0.095,0.069,0.011,0.023
274.738095,241.285714,0.005,0,0.057,0,0,0,0,0.309,0,0,0,0.12,0.003,0,0,0,0.121,0.018,0,0,0.026,0.004,0.005,0.001,0.014,0.001,0,0.08,0,0.095,0.082,0.007,0.013
260.170732,236.5,0.01,0,0.038,0,0,0,0,0.307,0,0,0,0.111,0.001,0,0,0,0.144,0.019,0,0,0.025,0.002,0.002,0.001,0.025,0.001,0,0.085,0,0.077,0.073,0.015,0.017
250.130081,232.300813,0.008,0,0.05,0,0,0,0,0.337,0,0,0,0.09,0.004,0,0,0,0.13,0.021,0,0,0.024,0.001,0,0,0.022,0,0,0.081,0,0.081,0.073,0.013,0.016
241.207317,228.426829,0.007,0,0.056,0,0,0,0,0.335,0,0,0,0.086,0.009,0,0,0,0.146,0.012,0,0.001,0.029,0.003,0.004,0.002,0.022,0.001,0,0.083,0,0.072,0.064,0.005,0.014
234.424,225.96,0.005,0,0.068,0,0,0,0,0.334,0,0,0,0.08,0.005,0,0,0,0.145,0.013,0,0,0.042,0.003,0.001,0.002,0.019,0.002,0,0.09,0,0.056,0.059,0.013,0.016
230.481928,221,0.012,0,0.068,0,0,0,0,0.325,0,0,0,0.064,0.003,0,0,0,0.142,0.021,0,0.001,0.035,0.003,0.001,0.005,0.023,0.001,0,0.094,0,0.062,0.053,0.015,0.012
227.146341,219.560976,0.012,0,0.056,0,0,0,0,0.323,0,0,0,0.077,0.008,0,0,0,0.149,0.021,0,0,0.037,0.003,0.001,0.006,0.03,0.003,0,0.073,0,0.049,0.064,0.021,0.017
225.785714,217,0.007,0,0.06,0,0,0,0,0.336,0,0,0,0.087,0.005,0,0,0,0.137,0.013,0,0,0.033,0.002,0.003,0.003,0.015,0.002,0,0.093,0,0.059,0.052,0.016,0.019
225,217,0.009,0,0.055,0,0,0,0,0.341,0,0,0,0.07,0.002,0,0,0,0.14,0.019,0,0,0.044,0.001,0,0.002,0.019,0.001,0,0.097,0,0.056,0.049,0.016,0.014
225,219.5,0.009,0,0.045,0,0,0,0,0.351,0,0,0,0.067,0.006,0,0,0,0.159,0.023,0,0,0.033,0.001,0,0.001,0.017,0.002,0,0.089,0,0.072,0.041,0.014,0.018
225.634146,220,0.01,0,0.06,0,0,0,0,0.346,0,0,0,0.057,0.011,0,0,0,0.166,0.009,0,0,0.036,0,0.001,0.002,0.022,0,0,0.102,0,0.064,0.044,0.009,0.01
229.616279,220.953488,0.006,0,0.058,0,0,0,0,0.347,0,0,0,0.063,0.008,0,0,0,0.158,0.009,0,0,0.037,0.001,0,0.002,0.014,0.003,0,0.093,0,0.052,0.053,0.013,0.015
230.1,222.15,0.006,0,0.059,0,0,0,0,0.345,0,0,0,0.066,0.008,0,0,0,0.146,0.013,0,0,0.045,0.001,0.003,0.005,0.018,0.002,0,0.081,0,0.051,0.058,0.017,0.014
233.346154,225,0.006,0,0.046,0,0,0,0,0.349,0,0,0,0.083,0.004,0,0,0,0.172,0.013,0,0,0.042,0,0.001,0,0.012,0,0,0.082,0,0.055,0.05,0.027,0.014
236.45082,227.04918,0.009,0,0.064,0,0,0,0,0.358,0,0,0,0.072,0.006,0,0,0,0.159,0.017,0,0,0.032,0.001,0.001,0.001,0.017,0.001,0,0.083,0,0.063,0.045,0.024,0.01
238.324786,230,0.006,0,0.058,0,0,0,0,0.353,0,0,0,0.077,0.002,0,0,0,0.17,0.019,0,0,0.019,0.001,0.001,0.001,0.021,0.001,0,0.089,0,0.064,0.049,0.012,0.011
238.987654,230,0.007,0,0.038,0,0,0,0,0.347,0,0,0,0.061,0.002,0,0,0,0.148,0.018,0,0,0.031,0.001,0,0.003,0.021,0.002,0,0.108,0,0.085,0.045,0.021,0.009
235.785714,224.285714,0.018,0,0.051,0,0,0,0,0.331,0,0,0,0.08,0.004,0,0,0,0.163,0.01,0,0,0.028,0.001,0,0.001,0.011,0.001,0,0.1,0,0.08,0.057,0.005,0.011
226.743902,215.609756,0.005,0,0.049,0,0,0,0,0.341,0,0,0,0.071,0,0,0,0,0.166,0.022,0,0,0.023,0.001,0,0,0.01,0,0,0.095,0,0.076,0.056,0.02,0.013
214.88,203.912,0.002,0,0.043,0,0,0,0,0.348,0,0,0,0.077,0.003,0,0,0,0.139,0.01,0,0,0.018,0.003,0.001,0.002,0.018,0,0,0.099,0,0.079,0.065,0.014,0.016
198.385542,186.879518,0.005,0,0.069,0,0,0,0,0.343,0,0,0,0.068,0.007,0,0,0,0.154,0.012,0,0,0.024,0.003,0.003,0.004,0.017,0,0,0.088,0,0.062,0.03,0.006,0.014
178.98374,167.447154,0.006,0,0.047,0,0,0,0,0.334,0,0,0,0.064,0.006,0,0,0,0.147,0.017,0,0,0.031,0.002,0.001,0.004,0.026,0,0,0.095,0,0.061,0.037,0.018,0.012
157.674699,144.337349,0.006,0,0.059,0,0,0,0,0.26,0,0,0,0.063,0.006,0,0,0,0.138,0.013,0,0,0.061,0,0,0.004,0.033,0,0,0.082,0,0.047,0.037,0.014,0.004
136.639344,121.459016,0.003,0,0.076,0,0,0,0,0.252,0,0,0,0.054,0.01,0,0,0,0.115,0.014,0,0,0.057,0.003,0,0.005,0.04,0,0,0.075,0,0.046,0.04,0.013,0.011
113.823529,95.258824,0.001,0,0.1,0,0,0,0,0.25,0,0,0,0.049,0.008,0,0,0,0.106,0.006,0,0,0.064,0.001,0.001,0.002,0.048,0,0,0.071,0,0.05,0.032,0.017,0.012
92.85,73.766667,0.003,0,0.081,0,0,0,0,0.243,0,0,0,0.049,0.019,0,0,0,0.114,0.009,0,0,0.058,0.002,0,0.005,0.043,0,0,0.068,0,0.044,0.038,0.016,0.011
73.831325,50.39759,0.004,0,0.084,0,0,0,0,0.258,0,0,0,0.052,0.014,0,0,0,0.101,0.007,0,0,0.064,0.002,0.001,0.004,0.059,0,0,0.06,0,0.044,0.029,0.014,0.006
59.45082,36.303279,0.004,0,0.09,0,0,0,0,0.227,0,0,0,0.052,0.015,0,0,0,0.088,0.01,0,0,0.069,0.003,0,0.005,0.059,0,0,0.066,0,0.055,0.034,0.024,0.011
39.53012,15.73494,0.003,0,0.095,0,0,0,0,0.231,0,0,0,0.065,0.015,0,0,0,0.105,0.012,0,0,0.077,0.003,0.001,0.007,0.062,0.001,0,0.057,0,0.054,0.034,0.025,0.013
24.254098,-1.606557,0.004,0,0.095,0,0,0,0,0.233,0,0,0,0.066,0.015,0,0,0,0.107,0.016,0,0,0.074,0.003,0.001,0.007,0.053,0.001,0,0.055,0,0.055,0.044,0.028,0.012
10.511905,-14.130952,0.002,0,0.109,0,0,0,0,0.208,0,0,0,0.062,0.02,0,0,0,0.098,0.01,0,0,0.085,0.004,0.001,0.005,0.064,0.001,0,0.06,0,0.053,0.039,0.015,0.011
-1.123967,-24.867769,0.002,0,0.12,0,0,0,0,0.243,0,0,0,0.054,0.018,0,0,0,0.092,0.011,0,0,0.067,0.003,0,0.007,0.043,0,0,0.044,0,0.057,0.047,0.016,0.012
-10.313953,-34.918605,0.005,0,0.099,0,0,0,0,0.262,0,0,0,0.069,0.014,0,0,0,0.106,0.008,0,0,0.063,0.003,0,0.008,0.049,0.001,0,0.053,0,0.056,0.031,0.022,0.013
-17.016807,-39.336134,0.002,0,0.095,0,0,0,0,0.262,0,0,0,0.066,0.026,0,0,0,0.097,0.01,0,0,0.067,0.001,0,0.007,0.054,0.001,0,0.047,0,0.073,0.031,0.017,0.017
-24.436782,-43,0.01,0,0.096,0,0,0,0,0.263,0,0,0,0.058,0.015,0,0,0,0.098,0.008,0,0,0.083,0.002,0.003,0.012,0.043,0.002,0,0.041,0,0.05,0.043,0.014,0.02
-28.610169,-43,0.003,0,0.102,0,0,0,0,0.275,0,0,0,0.07,0.021,0,0,0,0.109,0.004,0,0,0.064,0.003,0.002,0.004,0.047,0.003,0,0.032,0,0.062,0.048,0.015,0.014
-30.586207,-43,0.014,0,0.09,0,0,0,0,0.258,0,0,0,0.07,0.016,0,0,0,0.107,0.008,0,0,0.06,0.007,0.002,0.006,0.066,0.001,0,0.038,0,0.059,0.042,0.017,0.018
-33.606838,-41.589744,0.007,0,0.098,0,0,0,0,0.28,0,0,0,0.065,0.019,0,0,0,0.101,0.009,0,0,0.058,0.001,0.004,0.004,0.052,0.001,0,0.048,0,0.052,0.054,0.025,0.013
-34.045455,-40,0.004,0,0.111,0,0,0,0,0.283,0,0,0,0.08,0.017,0,0,0,0.097,0.007,0,0,0.077,0.006,0.001,0.01,0.057,0.001,0,0.041,0,0.046,0.031,0.024,0.013
-33,-39.008547,0.009,0,0.129,0,0,0,0,0.279,0,0,0,0.074,0.013,0,0,0,0.097,0.01,0,0,0.077,0.007,0.004,0.005,0.054,0,0,0.025,0,0.064,0.036,0.015,0.021
-33,-35.866667,0.011,0,0.108,0,0,0,0,0.268,0,0,0,0.072,0.017,0,0,0,0.096,0.007,0,0,0.074,0.003,0,0.006,0.053,0,0,0.038,0,0.055,0.031,0.016,0.024
-30.617391,-30.33913,0.003,0,0.101,0,0,0,0,0.263,0,0,0,0.086,0.015,0,0,0,0.076,0.01,0,0,0.089,0.002,0.005,0.004,0.058,0.003,0,0.052,0,0.045,0.037,0.016,0.025
-28,-27.5,0.007,0,0.107,0,0,0,0,0.24,0,0,0,0.07,0.019,0,0,0,0.076,0.008,0,0,0.078,0.005,0.002,0.004,0.058,0.001,0,0.05,0,0.048,0.053,0.028,0.022
-27.394737,-24.578947,0.002,0,0.112,0,0,0,0,0.254,0,0,0,0.072,0.015,0,0,0,0.084,0.018,0,0,0.064,0.004,0.003,0.012,0.058,0,0,0.041,0,0.05,0.044,0.032,0.019
-24.26087,-22.445652,0.007,0,0.109,0,0,0,0,0.245,0,0,0,0.072,0.02,0,0,0,0.089,0.011,0,0,0.061,0.007,0.001,0.005,0.058,0.002,0,0.036,0,0.054,0.041,0.025,0.019
-19.295652,-20,0.011,0,0.125,0,0,0,0,0.208,0,0,0,0.072,0.017,0,0,0,0.07,0.014,0,0,0.06,0.006,0.002,0.007,0.062,0.001,0,0.031,0,0.062,0.048,0.036,0.019
-13.902174,-22.717391,0.008,0,0.118,0,0,0,0,0.198,0,0,0,0.067,0.028,0,0,0,0.085,0.015,0,0,0.062,0.001,0.003,0.006,0.058,0.003,0,0.037,0,0.044,0.059,0.027,0.022
-4.852174,-25.165217,0.008,0,0.129,0,0,0,0,0.192,0,0,0,0.064,0.024,0,0,0,0.073,0.012,0,0,0.066,0.004,0.003,0.01,0.061,0,0,0.045,0,0.054,0.055,0.021,0.02
10.413043,-38.26087,0.007,0,0.101,0,0,0,0,0.245,0,0,0,0.063,0.013,0,0,0,0.095,0.016,0,0,0.059,0.003,0.002,0.005,0.043,0,0,0.056,0,0.058,0.052,0.03,0.012
28.13913,-52.2,0.004,0,0.079,0,0,0,0,0.272,0,0,0,0.066,0.015,0,0,0,0.083,0.017,0,0,0.058,0.002,0.002,0.008,0.05,0.001,0,0.071,0,0.064,0.042,0.026,0.015
49.377778,-69.966667,0.004,0,0.082,0,0,0,0,0.262,0,0,0,0.035,0.014,0,0,0,0.148,0.006,0,0,0.039,0,0.002,0.006,0.038,0.001,0,0.099,0,0.048,0.028,0.023,0.011
71.915888,-90.747664,0.006,0,0.064,0,0,0,0,0.235,0,0,0,0.04,0.014,0,0,0,0.208,0.007,0,0,0.029,0.002,0,0.006,0.031,0.001,0,0.12,0,0.04,0.025,0.009,0.006
94.651685,-112.438202,0.01,0,0.026,0,0,0,0,0.257,0,0,0,0.015,0.005,0,0,0,0.259,0.005,0,0,0.017,0,0,0.005,0.022,0.001,0,0.188,0,0.018,0.013,0.008,0.009
119.233645,-134.495327,0.011,0,0.016,0,0,0,0,0.315,0,0,0,0.011,0.002,0,0,0,0.283,0.003,0,0,0.02,0,0.001,0.001,0.006,0,0,0.213,0,0.009,0.014,0.004,0.002
141.910112,-157.325843,0.009,0,0,0,0,0,0,0.315,0,0,0,0.009,0,0,0,0,0.285,0.011,0,0,0.002,0,0,0,0.004,0.002,0,0.18,0,0.004,0.008,0.004,0.001
162.759259,-176.527778,0.006,0,0.001,0,0,0,0,0.294,0,0,0,0.018,0,0,0,0,0.226,0.007,0,0,0.003,0,0,0,0,0.002,0,0.144,0,0.006,0.018,0,0.003
184.065934,-197.065934,0.003,0,0.004,0,0,0,0,0.284,0,0,0,0.022,0,0,0,0,0.184,0.003,0,0,0,0,0,0,0.001,0,0,0.117,0,0.021,0.016,0.001,0.003
202.175926,-213.231481,0.011,0,0.003,0,0,0,0,0.268,0,0,0,0.054,0,0,0,0,0.161,0.012,0,0,0.001,0,0,0,0.001,0.001,0,0.094,0,0.042,0.038,0.001,0.001
220,-230.714286,0.004,0,0.004,0,0,0,0,0.235,0,0,0,0.05,0,0,0,0,0.161,0.01,0,0,0.01,0,0,0,0.002,0,0,0.08,0,0.043,0.034,0.003,0.003
234.46789,-244.165138,0.007,0,0.006,0,0,0,0,0.27,0,0,0,0.053,0.001,0,0,0,0.182,0.003,0,0,0.007,0,0,0,0.003,0,0,0.107,0,0.038,0.023,0.004,0.002
249.295455,-255.022727,0.004,0,0.014,0,0,0,0,0.286,0,0,0,0.053,0,0,0,0,0.15,0.005,0,0,0.011,0,0,0,0.004,0,0,0.092,0,0.032,0.031,0.005,0.006
260.110092,-264.018349,0.003,0,0.013,0,0,0,0,0.281,0,0,0,0.042,0,0,0,0,0.14,0.011,0,0,0.009,0.001,0.001,0,0.002,0,0,0.079,0,0.037,0.034,0.007,0.001
268.888889,-270.633333,0,0,0.015,0,0,0,0,0.24,0,0,0,0.031,0.004,0,0,0,0.145,0.004,0,0,0.008,0,0,0.001,0.003,0,0,0.078,0,0.046,0.028,0.004,0.006
275.390909,-275.263636,0.003,0,0.028,0,0,0,0,0.24,0,0,0,0.032,0.002,0,0,0,0.143,0.012,0,0,0.011,0.001,0,0,0.006,0,0,0.081,0,0.03,0.015,0.003,0.004
283.746988,-279.373494,0,0,0.017,0,0,0,0,0.235,0,0,0,0.043,0.003,0,0,0,0.146,0.017,0,0,0.015,0.001,0,0.001,0.006,0.001,0,0.094,0,0.025,0.016,0.004,0.005
287.416,-279,0.005,0,0.04,0,0,0,0,0.252,0,0,0,0.049,0.005,0,0,0,0.16,0.01,0,0,0.017,0.001,0.002,0.001,0.007,0,0,0.08,0,0.026,0.021,0.013,0.009
286.32,-278.4,0.005,0,0.048,0,0,0,0,0.269,0,0,0,0.035,0.001,0,0,0,0.168,0.008,0,0,0.013,0.001,0.001,0.003,0.006,0,0,0.072,0,0.031,0.016,0.018,0.004
285.952756,-274.606299,0.004,0,0.044,0,0,0,0,0.272,0,0,0,0.054,0.001,0,0,0,0.156,0.012,0,0,0.015,0,0,0,0.003,0,0,0.082,0,0.028,0.018,0.011,0.007
284,-271.266667,0.005,0,0.029,0,0,0,0,0.258,0,0,0,0.051,0.003,0,0,0,0.175,0.022,0,0,0.014,0.001,0.001,0.001,0.015,0,0,0.072,0,0.029,0.014,0.009,0.006
283.904762,-267.126984,0.007,0,0.039,0,0,0,0,0.269,0,0,0,0.051,0,0,0,0,0.153,0.029,0,0,0.018,0.002,0,0,0.007,0.001,0,0.065,0,0.036,0.012,0.007,0.004
280.263158,-262.710526,0.004,0,0.033,0,0,0,0,0.228,0,0,0,0.054,0.001,0,0,0,0.15,0.02,0,0,0.023,0.001,0,0,0.006,0.001,0,0.074,0,0.028,0.024,0.014,0.006
275.780488,-258.691057,0.007,0,0.027,0,0,0,0,0.214,0,0,0,0.053,0.003,0,0,0,0.159,0.021,0,0,0.014,0.002,0,0.001,0.009,0.002,0,0.064,0,0.028,0.026,0.006,0.005
272.84,-255.04,0.007,0,0.032,0,0,0,0,0.224,0,0,0,0.047,0.002,0,0,0,0.164,0.013,0,0,0.012,0.001,0.001,0,0.002,0.001,0,0.066,0,0.036,0.018,0.008,0.004
269.5,-249.709677,0.007,0,0.028,0,0,0,0,0.223,0,0,0,0.045,0.005,0,0,0,0.174,0.018,0,0,0.014,0,0,0.001,0.005,0,0,0.075,0,0.029,0.019,0.007,0.007
267.855263,-242.855263,0.006,0,0.023,0,0,0,0,0.258,0,0,0,0.043,0.001,0,0,0,0.18,0.014,0,0,0.013,0.001,0,0,0.003,0,0,0.093,0,0.024,0.023,0.005,0.003
270.907563,-229.327731,0.007,0,0.026,0,0,0,0,0.261,0,0,0,0.049,0,0,0,0,0.19,0.009,0,0,0.013,0,0,0,0.005,0,0,0.103,0,0.032,0.022,0.004,0.003
277.168831,-210.38961,0.003,0,0.031,0,0,0,0,0.224,0,0,0,0.055,0,0,0,0,0.173,0.008,0,0,0.01,0,0,0,0.005,0,0,0.077,0,0.036,0.018,0.003,0.003
287.421488,-182.644628,0.003,0,0.018,0,0,0,0,0.215,0,0,0,0.056,0.002,0,0,0,0.148,0.01,0,0,0.016,0,0,0,0.003,0,0,0.067,0,0.038,0.018,0.005,0.001
301.230769,-150.846154,0,0,0.016,0,0,0,0,0.194,0,0,0,0.052,0.001,0,0,0,0.108,0.005,0,0,0.027,0,0,0,0.006,0,0,0.046,0,0.043,0.016,0.004,0.001
319.739496,-107.756303,0.001,0,0.026,0,0,0,0,0.217,0,0,0,0.036,0,0,0,0,0.122,0.006,0,0,0.035,0,0,0,0.012,0,0,0.057,0,0.033,0.024,0.001,0.003
338.467532,-66.051948,0,0,0.005,0,0,0,0,0.218,0,0,0,0.027,0,0,0,0,0.119,0.019,0,0,0.005,0,0,0.001,0.022,0,0,0.064,0,0.031,0.028,0.002,0.001
355.545455,-28.115702,0.001,0,0,0,0,0,0,0.187,0,0,0,0.026,0,0,0,0,0.105,0.007,0,0,0.018,0,0,0,0.021,0,0,0.06,0,0.026,0.026,0.001,0.001
380.38961,23.948052,0.001,0,0.005,0,0,0,0,0.162,0,0,0,0.043,0,0,0,0,0.095,0.001,0,0,0.025,0,0,0,0.007,0,0,0.074,0,0.032,0.036,0,0
396.719008,62.876033,0.002,0,0.002,0,0,0,0,0.246,0,0,0,0.024,0,0,0,0,0.24,0.012,0,0,0.016,0,0,0.001,0.015,0.001,0,0.14,0,0.017,0.025,0.005,0
417.194805,114.506494,0.002,0,0.013,0,0,0,0,0.407,0,0,0,0.069,0,0,0,0,0.212,0.011,0,0,0.016,0,0,0,0.008,0,0,0.122,0,0.033,0.02,0.003,0.003
435.934426,158.02459,0,0,0.033,0,0,0,0,0.358,0,0,0,0.062,0,0,0,0,0.153,0.031,0,0,0.047,0.001,0,0,0.03,0,0,0.081,0,0.076,0.04,0.008,0.002
451.405063,198.088608,0,0,0.055,0,0,0,0,0.252,0,0,0,0.087,0.002,0,0,0,0.077,0.009,0,0,0.041,0.001,0,0.002,0.039,0,0,0.042,0,0.101,0.077,0.01,0.005
463.300813,232.772358,0.001,0,0.053,0,0,0,0,0.219,0,0,0,0.058,0.002,0,0,0,0.079,0.011,0,0,0.025,0.003,0,0.004,0.032,0.001,0,0.04,0,0.051,0.038,0.016,0.008
475.783133,265.024096,0.003,0,0.026,0,0,0,0,0.188,0,0,0,0.05,0.004,0,0,0,0.101,0.024,0,0,0.026,0,0,0.002,0.007,0,0,0.046,0,0.046,0.045,0.004,0.015
484.065041,292.398374,0.003,0,0.033,0,0,0,0,0.211,0,0,0,0.046,0.001,0,0,0,0.099,0.014,0,0,0.015,0,0.001,0.003,0.011,0,0,0.048,0,0.051,0.027,0.005,0.01
491.939759,315.204819,0.003,0,0.035,0,0,0,0,0.246,0,0,0,0.038,0.002,0,0,0,0.119,0.024,0,0,0.023,0.001,0,0,0.008,0,0,0.067,0,0.046,0.033,0.004,0.015
497.544715,332.03252,0.005,0,0.025,0,0,0,0,0.28,0,0,0,0.047,0.001,0,0,0,0.141,0.019,0,0,0.017,0,0.002,0.001,0.005,0,0,0.084,0,0.055,0.037,0.003,0.016
502.511905,346.714286,0.016,0,0.017,0,0,0,0,0.285,0,0,0,0.041,0.001,0,0,0,0.2,0.017,0,0.001,0.009,0.002,0,0,0.001,0.001,0,0.105,0,0.029,0.019,0.004,0.012
507.661157,358.247934,0.021,0,0.022,0,0,0,0,0.305,0,0,0,0.04,0.001,0,0,0,0.178,0.014,0,0,0.007,0.001,0.002,0.001,0.001,0.002,0,0.105,0,0.032,0.024,0,0.02
511.152941,365.388235,0.029,0,0.012,0,0,0,0,0.306,0,0,0,0.034,0.001,0,0,0,0.154,0.008,0,0.001,0.01,0,0.002,0.003,0.002,0,0,0.142,0,0.028,0.026,0.002,0.013
513.869919,369.146341,0.031,0,0.02,0,0,0,0,0.316,0,0,0,0.023,0.001,0,0,0,0.173,0.01,0,0,0.007,0,0.001,0,0,0.005,0,0.12,0,0.025,0.017,0.002,0.01
514,371,0.034,0,0.015,0,0,0,0,0.308,0,0,0,0.036,0.002,0,0,0,0.17,0.013,0,0,0.005,0.001,0.002,0,0.001,0.005,0,0.131,0,0.017,0.016,0.003,0.016
516.85124,368.520661,0.036,0,0.014,0,0,0,0,0.319,0,0,0,0.037,0,0,0,0,0.177,0.014,0,0,0.001,0,0.002,0.001,0,0.003,0,0.13,0,0.019,0.016,0.003,0.02
518.172414,365.494253,0.026,0,0.021,0,0,0,0,0.335,0,0,0,0.031,0.002,0,0,0,0.18,0.008,0,0,0.004,0,0,0,0.003,0.003,0,0.123,0,0.021,0.021,0.003,0.016
517.05,360.316667,0.036,0,0.008,0,0,0,0,0.325,0,0,0,0.031,0,0,0,0,0.174,0.013,0,0,0.005,0,0.001,0.001,0.001,0.002,0,0.126,0,0.024,0.027,0.002,0.014
517.386364,355.545455,0.028,0,0.02,0,0,0,0,0.3,0,0,0,0.042,0,0,0,0,0.154,0.011,0,0.001,0.003,0,0.003,0,0.001,0.005,0,0.128,0,0.029,0.028,0.003,0.019
516.076923,348.777778,0.031,0,0.019,0,0,0,0,0.334,0,0,0,0.038,0,0,0,0,0.185,0.015,0,0,0.007,0,0,0,0.004,0.001,0,0.117,0,0.029,0.026,0.007,0.017
515.988764,341.382022,0.017,0,0.018,0,0,0,0,0.308,0,0,0,0.035,0.001,0,0,0,0.198,0.016,0,0,0.01,0,0.001,0.001,0.007,0.004,0,0.118,0,0.037,0.03,0.005,0.021
515.29661,333.618644,0.024,0,0.019,0,0,0,0,0.314,0,0,0,0.044,0,0,0,0,0.174,0.02,0,0,0.008,0.001,0.004,0,0.001,0.003,0,0.117,0,0.043,0.03,0.005,0.019
513.9,326.333333,0.026,0,0.018,0,0,0,0,0.296,0,0,0,0.045,0,0,0,0,0.185,0.017,0,0,0.012,0,0.004,0,0.002,0.004,0,0.108,0,0.042,0.033,0.006,0.021
508.641026,320.17094,0.018,0,0.017,0,0,0,0,0.296,0,0,0,0.051,0.001,0,0,0,0.168,0.021,0,0.001,0.011,0,0.002,0.001,0.003,0.005,0,0.107,0,0.048,0.03,0.004,0.012
497.758242,314.43956,0.023,0,0.023,0,0,0,0,0.313,0,0,0,0.04,0.001,0,0,0,0.155,0.021,0,0,0.008,0,0,0,0.006,0.005,0,0.105,0,0.037,0.037,0.004,0.022
484.709402,308.641026,0.021,0,0.027,0,0,0,0,0.297,0,0,0,0.048,0.004,0,0,0,0.166,0.019,0,0,0.007,0,0,0.001,0.004,0.001,0,0.105,0,0.039,0.03,0.003,0.016
467.483516,303.186813,0.022,0,0.035,0,0,0,0,0.3,0,0,0,0.049,0.003,0,0,0,0.147,0.024,0,0,0.013,0,0.005,0.002,0.005,0.003,0,0.093,0,0.063,0.036,0.004,0.023
447,298.173913,0.007,0,0.032,0,0,0,0,0.293,0,0,0,0.054,0.002,0,0,0,0.151,0.013,0,0,0.011,0,0.003,0.002,0.007,0.002,0,0.083,0,0.06,0.045,0.006,0.026
426.989362,292.659574,0.008,0,0.028,0,0,0,0,0.276,0,0,0,0.058,0.001,0,0,0,0.134,0.019,0,0,0.023,0,0.001,0.001,0.008,0.001,0,0.094,0,0.067,0.039,0.006,0.012
398.469565,286.434783,0.013,0,0.034,0,0,0,0,0.287,0,0,0,0.05,0.004,0,0,0,0.142,0.021,0,0,0.021,0.002,0,0.001,0.005,0.002,0,0.083,0,0.056,0.046,0.005,0.018
375.27957,280.849462,0.009,0,0.036,0,0,0,0,0.297,0,0,0,0.07,0.005,0,0,0,0.155,0.012,0,0,0.019,0.003,0.001,0.002,0.007,0,0,0.088,0,0.052,0.047,0.003,0.013
353.039604,273.772277,0.012,0,0.037,0,0,0,0,0.304,0,0,0,0.083,0.001,0,0,0,0.141,0.032,0,0,0.015,0,0.003,0.002,0.007,0.001,0,0.09,0,0.046,0.038,0.007,0.022
326.577982,266.688073,0.011,0,0.043,0,0,0,0,0.325,0,0,0,0.08,0.002,0,0,0,0.149,0.023,0,0,0.021,0.002,0.002,0.002,0.003,0.003,0,0.082,0,0.065,0.053,0.008,0.016
301.603306,258.743802,0.007,0,0.057,0,0,0,0,0.335,0,0,0,0.089,0.007,0,0,0,0.148,0.032,0,0,0.009,0.001,0,0.001,0.01,0.001,0,0.09,0,0.076,0.06,0.006,0.015
284.890244,253.95122,0.006,0,0.045,0,0,0,0,0.328,0,0,0,0.094,0.002,0,0,0,0.138,0.027,0,0,0.02,0.001,0,0,0.01,0.003,0,0.086,0,0.076,0.085,0.003,0.022
271.365079,247.5,0.004,0,0.051,0,0,0,0,0.344,0,0,0,0.087,0.002,0,0,0,0.142,0.021,0,0,0.015,0,0.001,0.001,0.015,0,0,0.082,0,0.085,0.085,0.006,0.019
259.202381,242.071429,0.005,0,0.057,0,0,0,0,0.33,0,0,0,0.076,0.004,0,0,0,0.137,0.022,0,0,0.023,0.001,0,0.003,0.013,0,0,0.093,0,0.088,0.078,0.011,0.011
250.524194,237.927419,0.005,0,0.063,0,0,0,0,0.357,0,0,0,0.082,0.007,0,0,0,0.125,0.015,0,0,0.028,0.003,0.002,0.003,0.021,0.001,0,0.085,0,0.089,0.047,0.014,0.019
244.2,233.376471,0.004,0,0.058,0,0,0,0,0.334,0,0,0,0.088,0.006,0,0,0,0.162,0.017,0,0.001,0.024,0.006,0.001,0.001,0.011,0,0,0.082,0,0.077,0.059,0.011,0.014
239.422764,228.691057,0.005,0,0.06,0,0,0,0,0.338,0,0,0,0.076,0.005,0,0,0,0.169,0.009,0,0,0.037,0.001,0,0.003,0.017,0,0,0.085,0,0.054,0.05,0.015,0.016
236.275862,223.862069,0.007,0,0.054,0,0,0,0,0.355,0,0,0,0.065,0.005,0,0,0,0.171,0.015,0,0,0.026,0.001,0.001,0.001,0.021,0,0,0.095,0,0.058,0.049,0.013,0.01
235,220.85,0.006,0,0.05,0,0,0,0,0.352,0,0,0,0.078,0.003,0,0,0,0.168,0.013,0,0,0.021,0.003,0,0.002,0.022,0.001,0,0.096,0,0.071,0.048,0.01,0.015
235,217.579545,0.006,0,0.047,0,0,0,0,0.335,0,0,0,0.062,0.007,0,0,0,0.172,0.016,0,0,0.033,0.002,0.005,0.004,0.019,0.001,0,0.1,0,0.048,0.045,0.013,0.02
235,215.542373,0.006,0,0.048,0,0,0,0,0.34,0,0,0,0.065,0.006,0,0,0,0.175,0.015,0,0,0.041,0.002,0,0.002,0.018,0.001,0,0.1,0,0.056,0.047,0.016,0.021
235,214.223529,0.009,0,0.05,0,0,0,0,0.347,0,0,0,0.061,0.008,0,0,0,0.172,0.009,0,0,0.035,0,0.001,0.003,0.026,0.002,0,0.101,0,0.058,0.052,0.012,0.007
237.35,212,0.01,0,0.061,0,0,0,0,0.342,0,0,0,0.065,0.006,0,0,0,0.171,0.014,0,0,0.027,0.003,0.002,0.007,0.025,0,0,0.088,0,0.065,0.038,0.012,0.018
238.977273,213.465909,0.002,0,0.069,0,0,0,0,0.34,0,0,0,0.06,0.008,0,0,0,0.165,0.014,0,0,0.036,0.002,0.001,0.005,0.028,0.004,0,0.09,0,0.061,0.04,0.013,0.017
241.957627,215,0.008,0,0.056,0,0,0,0,0.36,0,0,0,0.059,0.005,0,0,0,0.159,0.009,0,0.001,0.029,0.004,0.001,0.001,0.024,0,0,0.094,0,0.047,0.05,0.015,0.021
244.422222,215,0.005,0,0.049,0,0,0,0,0.362,0,0,0,0.072,0.007,0,0,0,0.147,0.014,0,0,0.034,0.001,0.004,0,0.029,0,0,0.109,0,0.056,0.043,0.011,0.015
249.284483,216.517241,0.006,0,0.052,0,0,0,0,0.358,0,0,0,0.066,0.008,0,0,0,0.164,0.014,0,0,0.035,0.003,0,0.001,0.022,0,0,0.108,0,0.063,0.037,0.008,0.018
252.67033,217,0.014,0,0.048,0,0,0,0,0.361,0,0,0,0.079,0.007,0,0,0,0.166,0.01,0,0,0.026,0,0.002,0.002,0.023,0,0,0.098,0,0.051,0.042,0.014,0.016
256,217,0.001,0,0.047,0,0,0,0,0.379,0,0,0,0.073,0.003,0,0,0,0.157,0.018,0,0,0.025,0,0,0.001,0.013,0.001,0,0.101,0,0.061,0.047,0.012,0.014
256,216.666667,0.002,0,0.044,0,0,0,0,0.357,0,0,0,0.078,0.003,0,0,0,0.168,0.018,0,0,0.022,0.002,0.003,0.001,0.016,0.001,0,0.096,0,0.069,0.051,0.019,0.019
250.381356,211.652542,0.008,0,0.045,0,0,0,0,0.345,0,0,0,0.092,0.007,0,0,0,0.158,0.007,0,0,0.031,0.001,0.002,0.001,0.017,0.001,0,0.097,0,0.056,0.062,0.014,0.016
240.554348,202.369565,0.008,0,0.039,0,0,0,0,0.374,0,0,0,0.073,0.002,0,0,0,0.159,0.01,0,0,0.027,0.001,0.003,0.001,0.016,0.002,0,0.099,0,0.057,0.061,0.013,0.017
226.904348,188.6,0.004,0,0.038,0,0,0,0,0.372,0,0,0,0.076,0.002,0,0,0,0.153,0.016,0,0,0.021,0.002,0,0.001,0.026,0.002,0,0.101,0,0.07,0.039,0.008,0.012
209.153846,172.373626,0.006,0,0.046,0,0,0,0,0.322,0,0,0,0.067,0.003,0,0,0,0.145,0.026,0,0,0.039,0.001,0,0.001,0.024,0,0,0.11,0,0.053,0.032,0.011,0.008
188.938596,152.175439,0.005,0,0.044,0,0,0,0,0.289,0,0,0,0.055,0.004,0,0,0,0.168,0.012,0,0,0.047,0.001,0,0.002,0.027,0,0,0.097,0,0.035,0.028,0.011,0.009
166.123596,131.775281,0,0,0.071,0,0,0,0,0.256,0,0,0,0.058,0.011,0,0,0,0.147,0.013,0,0,0.058,0.002,0.001,0,0.037,0,0,0.093,0,0.037,0.034,0.016,0.008
143.894737,108.473684,0.002,0,0.062,0,0,0,0,0.242,0,0,0,0.05,0.008,0,0,0,0.12,0.008,0,0,0.054,0,0,0.003,0.034,0.002,0,0.069,0,0.033,0.05,0.021,0.009
118.043956,84.912088,0,0,0.072,0,0,0,0,0.235,0,0,0,0.048,0.015,0,0,0,0.085,0.009,0,0,0.046,0.002,0,0.004,0.056,0,0,0.061,0,0.045,0.043,0.018,0.007
97.097345,64.371681,0,0,0.071,0,0,0,0,0.245,0,0,0,0.054,0.01,0,0,0,0.093,0.006,0,0,0.052,0.003,0,0.002,0.057,0,0,0.062,0,0.038,0.024,0.015,0.006
73.630435,42.98913,0.001,0,0.078,0,0,0,0,0.277,0,0,0,0.049,0.013,0,0,0,0.095,0.008,0,0,0.058,0.004,0,0.007,0.057,0.001,0,0.055,0,0.038,0.032,0.012,0.001
53.159292,25.19469,0.001,0,0.089,0,0,0,0,0.238,0,0,0,0.057,0.013,0,0,0,0.09,0.007,0,0,0.066,0.003,0,0.006,0.052,0.002,0,0.055,0,0.065,0.033,0.015,0.006
33.473118,8.204301,0.003,0,0.098,0,0,0,0,0.222,0,0,0,0.06,0.012,0,0,0,0.088,0.011,0,0,0.076,0.001,0,0.007,0.059,0.001,0,0.045,0,0.041,0.033,0.014,0.008
17.90991,-5.630631,0.004,0,0.097,0,0,0,0,0.237,0,0,0,0.067,0.009,0,0,0,0.079,0.014,0,0,0.064,0.005,0.001,0.004,0.052,0,0,0.051,0,0.054,0.038,0.019,0.006
3.237113,-15.938144,0.003,0,0.115,0,0,0,0,0.236,0,0,0,0.059,0.016,0,0,0,0.081,0.012,0,0.001,0.053,0.003,0.002,0.007,0.048,0.002,0,0.045,0,0.056,0.043,0.021,0.013
-8.904762,-26,0.003,0,0.105,0,0,0,0,0.225,0,0,0,0.062,0.016,0,0,0,0.083,0.008,0,0,0.075,0.003,0,0.009,0.06,0.003,0,0.041,0,0.057,0.046,0.016,0.018
-19.202532,-30.949367,0.003,0,0.103,0,0,0,0,0.253,0,0,0,0.072,0.017,0,0,0,0.071,0.016,0,0,0.085,0.003,0.001,0.005,0.056,0.002,0,0.029,0,0.054,0.051,0.022,0.015
-25.826772,-33,0.005,0,0.099,0,0,0,0,0.243,0,0,0,0.063,0.012,0,0,0,0.085,0.014,0,0,0.07,0.005,0.003,0.005,0.06,0.003,0,0.044,0,0.054,0.051,0.021,0.02
-33,-33,0.004,0,0.126,0,0,0,0,0.221,0,0,0,0.056,0.02,0,0,0,0.087,0.013,0,0,0.071,0.006,0.002,0.01,0.05,0,0,0.033,0,0.066,0.038,0.025,0.015
-36.203252,-33,0.006,0,0.115,0,0,0,0,0.246,0,0,0,0.065,0.016,0,0,0,0.083,0.009,0,0,0.072,0.005,0.003,0.004,0.063,0.001,0,0.042,0,0.063,0.035,0.02,0.028
-39.214286,-29.595238,0.005,0,0.114,0,0,0,0,0.247,0,0,0,0.075,0.028,0,0,0,0.095,0.007,0,0,0.058,0.001,0.002,0.005,0.037,0.001,0,0.039,0,0.077,0.051,0.015,0.02
-40,-26.672131,0.006,0,0.1,0,0,0,0,0.261,0,0,0,0.065,0.019,0,0,0,0.102,0.007,0,0,0.079,0.003,0.001,0.004,0.048,0.002,0,0.038,0,0.061,0.044,0.024,0.015
-40,-23.329412,0.007,0,0.128,0,0,0,0,0.251,0,0,0,0.064,0.019,0,0,0,0.085,0.012,0,0.001,0.06,0.005,0.002,0.008,0.045,0.002,0,0.031,0,0.067,0.04,0.02,0.015
-39.442623,-18.647541,0.003,0,0.126,0,0,0,0,0.207,0,0,0,0.058,0.02,0,0,0,0.091,0.011,0,0,0.075,0.004,0.001,0.004,0.059,0.001,0,0.037,0,0.058,0.036,0.02,0.017
-38,-14.197674,0.004,0,0.117,0,0,0,0,0.212,0,0,0,0.074,0.015,0,0,0,0.075,0.016,0,0,0.068,0.007,0.002,0.006,0.058,0.001,0,0.041,0,0.057,0.043,0.029,0.023
-36.764706,-11.176471,0.005,0,0.115,0,0,0,0,0.196,0,0,0,0.085,0.028,0,0,0,0.073,0.01,0,0.001,0.072,0.004,0.002,0.007,0.055,0.001,0,0.035,0,0.056,0.044,0.023,0.019
-32.701149,-6.448276,0.009,0,0.119,0,0,0,0,0.201,0,0,0,0.083,0.018,0,0,0,0.079,0.017,0,0,0.067,0.006,0,0.008,0.055,0.002,0,0.03,0,0.056,0.037,0.032,0.019
-29.229508,-3.844262,0.009,0,0.103,0,0,0,0,0.22,0,0,0,0.083,0.016,0,0,0,0.09,0.014,0,0,0.047,0.003,0.001,0.008,0.058,0,0,0.051,0,0.058,0.036,0.027,0.021
-26.290698,-1.255814,0.012,0,0.107,0,0,0,0,0.198,0,0,0,0.072,0.016,0,0,0,0.097,0.018,0,0,0.055,0.007,0.001,0.011,0.061,0.002,0,0.041,0,0.053,0.042,0.023,0.019
-22.94,0.5,0.009,0,0.112,0,0,0,0,0.233,0,0,0,0.053,0.017,0,0,0,0.086,0.015,0,0,0.058,0.006,0.002,0.007,0.049,0.001,0,0.05,0,0.058,0.046,0.024,0.022
-20,2,0.014,0,0.127,0,0,0,0,0.233,0,0,0,0.07,0.016,0,0,0,0.091,0.011,0,0,0.073,0.003,0.003,0.005,0.05,0.004,0,0.048,0,0.058,0.032,0.025,0.019
-15.771186,4.720339,0.009,0,0.105,0,0,0,0,0.254,0,0,0,0.048,0.017,0,0,0,0.1,0.015,0,0,0.072,0.002,0.001,0.007,0.046,0,0,0.04,0,0.063,0.042,0.021,0.034
-12.866667,5,0.006,0,0.115,0,0,0,0,0.229,0,0,0,0.059,0.031,0,0,0,0.081,0.014,0,0,0.082,0.003,0.005,0.006,0.059,0,0,0.043,0,0.056,0.032,0.027,0.013
-10.457627,6.576271,0.003,0,0.129,0,0,0,0,0.267,0,0,0,0.049,0.021,0,0,0,0.079,0.015,0,0,0.072,0.004,0,0.008,0.055,0,0,0.033,0,0.052,0.047,0.019,0.022
-6.011111,7.5,0.002,0,0.113,0,0,0,0,0.236,0,0,0,0.068,0.021,0,0,0,0.069,0.012,0,0,0.084,0.005,0.007,0.012,0.055,0.002,0,0.027,0,0.049,0.045,0.03,0.016
0.533898,2.949153,0.004,0,0.14,0,0,0,0,0.236,0,0,0,0.069,0.022,0,0,0,0.068,0.008,0,0,0.084,0.005,0.005,0.005,0.061,0.002,0,0.032,0,0.055,0.032,0.025,0.014
9.977778,-6.422222,0.011,0,0.118,0,0,0,0,0.251,0,0,0,0.059,0.015,0,0,0,0.067,0.014,0,0,0.086,0.003,0.002,0.005,0.053,0.002,0,0.038,0,0.065,0.046,0.031,0.017
23.444444,-20.786325,0.005,0,0.101,0,0,0,0,0.279,0,0,0,0.071,0.017,0,0,0,0.084,0.02,0,0,0.078,0.003,0,0.008,0.046,0.001,0,0.047,0,0.053,0.044,0.019,0.017
41.588889,-38.444444,0.008,0,0.085,0,0,0,0,0.292,0,0,0,0.063,0.015,0,0,0,0.128,0.013,0,0,0.067,0,0,0.003,0.037,0,0,0.06,0,0.043,0.042,0.015,0.014
57.741071,-56.196429,0.004,0,0.089,0,0,0,0,0.266,0,0,0,0.051,0.009,0,0,0,0.166,0.017,0,0,0.043,0.003,0.001,0.006,0.043,0.001,0,0.087,0,0.035,0.036,0.019,0.01
84.179775,-89.191011,0.008,0,0.049,0,0,0,0,0.243,0,0,0,0.038,0.006,0,0,0,0.217,0.012,0,0,0.034,0,0,0.009,0.03,0.001,0,0.113,0,0.029,0.034,0.007,0.008
104.95283,-112.735849,0.014,0,0.032,0,0,0,0,0.273,0,0,0,0.031,0.008,0,0,0,0.262,0.004,0,0,0.016,0,0.001,0.004,0.019,0.001,0,0.155,0,0.018,0.014,0.005,0.007
127.181818,-140.431818,0.008,0,0.016,0,0,0,0,0.278,0,0,0,0.015,0.002,0,0,0,0.289,0.007,0,0,0.014,0,0,0.001,0.018,0.002,0,0.164,0,0.013,0.012,0.005,0.001
149.383178,-164.411215,0.002,0,0.004,0,0,0,0,0.272,0,0,0,0.013,0,0,0,0,0.219,0.01,0,0,0.011,0,0,0,0.006,0.001,0,0.185,0,0.012,0.008,0.004,0.001
169.722222,-189.644444,0.005,0,0.003,0,0,0,0,0.278,0,0,0,0.015,0,0,0,0,0.215,0.014,0,0,0.003,0,0,0,0,0,0,0.175,0,0.013,0.014,0,0
189.537736,-210.877358,0.007,0,0.003,0,0,0,0,0.301,0,0,0,0.037,0,0,0,0,0.227,0.008,0,0,0,0,0,0,0.003,0,0,0.132,0,0.023,0.03,0,0.001
206.833333,-231.444444,0.007,0,0.008,0,0,0,0,0.315,0,0,0,0.059,0,0,0,0,0.207,0.012,0,0,0.007,0,0,0,0.01,0,0,0.107,0,0.046,0.038,0.007,0.004
222.87037,-247.592593,0.002,0,0.005,0,0,0,0,0.315,0,0,0,0.056,0,0,0,0,0.207,0.013,0,0.001,0.01,0,0,0,0.013,0,0,0.106,0,0.043,0.048,0.002,0.005
237.428571,-262.912088,0,0,0.025,0,0,0,0,0.301,0,0,0,0.059,0.003,0,0,0,0.172,0.009,0,0,0.011,0.001,0,0.003,0.006,0,0,0.113,0,0.049,0.044,0.003,0.002
250.454545,-276.936364,0.003,0,0.021,0,0,0,0,0.295,0,0,0,0.067,0.001,0,0,0,0.147,0.009,0,0,0.012,0,0,0.001,0.005,0,0,0.103,0,0.053,0.018,0.002,0.003
260.175824,-286.230769,0.004,0,0.012,0,0,0,0,0.244,0,0,0,0.034,0.001,0,0,0,0.151,0.007,0,0,0.01,0,0,0,0.005,0.001,0,0.091,0,0.033,0.028,0.007,0.002
268.296296,-293.212963,0,0,0.013,0,0,0,0,0.219,0,0,0,0.035,0.001,0,0,0,0.148,0.012,0,0,0.009,0,0,0,0.005,0,0,0.092,0,0.022,0.024,0.002,0.002
275.608696,-300.304348,0.004,0,0.019,0,0,0,0,0.203,0,0,0,0.043,0,0,0,0,0.143,0.012,0,0,0.018,0,0,0,0.009,0,0,0.076,0,0.027,0.031,0.006,0.007
279.254545,-303.490909,0.004,0,0.028,0,0,0,0,0.201,0,0,0,0.044,0,0,0,0,0.127,0.018,0,0,0.015,0.001,0,0.001,0.006,0,0,0.065,0,0.028,0.034,0.004,0.006
281,-305.733333,0.004,0,0.036,0,0,0,0,0.201,0,0,0,0.043,0.002,0,0,0,0.121,0.012,0,0,0.021,0.002,0.001,0,0.017,0,0,0.068,0,0.039,0.028,0.003,0.009
282.392857,-304.883929,0.002,0,0.027,0,0,0,0,0.203,0,0,0,0.044,0.004,0,0,0,0.126,0.015,0,0,0.017,0.001,0,0,0.008,0.002,0,0.064,0,0.033,0.035,0.006,0.009
283.769231,-302.901099,0.001,0,0.041,0,0,0,0,0.218,0,0,0,0.042,0.001,0,0,0,0.126,0.012,0,0,0.013,0.001,0,0.002,0.009,0,0,0.071,0,0.031,0.029,0.005,0.009
284,-297.972727,0.011,0,0.044,0,0,0,0,0.22,0,0,0,0.049,0.004,0,0,0,0.137,0.019,0,0,0.01,0,0,0.001,0.006,0,0,0.073,0,0.034,0.031,0.009,0.006
284,-291.793478,0.008,0,0.042,0,0,0,0,0.222,0,0,0,0.051,0.001,0,0,0,0.143,0.016,0,0,0.014,0.001,0,0.002,0.004,0,0,0.074,0,0.037,0.029,0.004,0.009
281.055556,-286.759259,0.006,0,0.023,0,0,0,0,0.248,0,0,0,0.037,0.004,0,0,0,0.162,0.02,0,0,0.018,0.001,0.001,0,0.004,0.001,0,0.089,0,0.041,0.021,0.004,0.006
279,-281.451613,0.007,0,0.031,0,0,0,0,0.234,0,0,0,0.046,0.002,0,0,0,0.193,0.03,0,0,0.012,0,0,0,0.004,0,0,0.081,0,0.026,0.012,0.006,0.005
276.190909,-278.490909,0.008,0,0.028,0,0,0,0,0.22,0,0,0,0.041,0.003,0,0,0,0.184,0.018,0,0,0.006,0.002,0.001,0,0.006,0.001,0,0.099,0,0.028,0.007,0.004,0.004
272.462366,-272.096774,0.009,0,0.03,0,0,0,0,0.237,0,0,0,0.04,0.002,0,0,0,0.166,0.019,0,0,0.011,0,0,0,0.004,0,0,0.09,0,0.027,0.012,0.007,0.009
271,-266.271028,0.007,0,0.024,0,0,0,0,0.247,0,0,0,0.041,0.001,0,0,0,0.169,0.023,0,0,0.019,0,0.001,0,0.005,0,0,0.08,0,0.021,0.012,0.008,0.003
271,-256.282609,0.006,0,0.033,0,0,0,0,0.256,0,0,0,0.035,0.001,0,0,0,0.19,0.026,0,0,0.008,0.001,0,0.001,0.004,0,0,0.095,0,0.029,0.008,0.005,0.003
275.577982,-239.045872,0.006,0,0.024,0,0,0,0,0.26,0,0,0,0.044,0.001,0,0,0,0.204,0.027,0,0,0.004,0.001,0,0,0.002,0,0,0.092,0,0.034,0.005,0.002,0.001
284.163043,-215.576087,0.006,0,0.022,0,0,0,0,0.237,0,0,0,0.037,0,0,0,0,0.189,0.026,0,0,0.01,0,0,0,0.003,0,0,0.085,0,0.039,0.017,0.003,0.003
297.851852,-185.166667,0.007,0,0.026,0,0,0,0,0.215,0,0,0,0.04,0,0,0,0,0.153,0.01,0,0,0.013,0,0,0,0.007,0,0,0.069,0,0.028,0.019,0.003,0.001
315.033708,-148.123596,0.001,0,0.017,0,0,0,0,0.181,0,0,0,0.04,0,0,0,0,0.114,0.003,0,0,0.029,0,0,0,0.014,0,0,0.059,0,0.038,0.012,0,0.003
334.953271,-104.915888,0.001,0,0.019,0,0,0,0,0.213,0,0,0,0.03,0,0,0,0,0.129,0.001,0,0,0.023,0,0,0,0.019,0,0,0.078,0,0.025,0.023,0.002,0.001
358.714286,-58.78022,0.001,0,0,0,0,0,0,0.176,0,0,0,0.025,0,0,0,0,0.104,0.004,0,0,0.008,0,0,0,0.016,0,0,0.049,0,0.034,0.021,0,0
384.133333,-10.638095,0,0,0.001,0,0,0,0,0.15,0,0,0,0.029,0.003,0,0,0,0.085,0.004,0,0,0.022,0,0,0,0.01,0,0,0.048,0,0.045,0.015,0,0
407.703297,36.791209,0.005,0,0.005,0,0,0,0,0.199,0,0,0,0.017,0.001,0,0,0,0.18,0.003,0,0,0.023,0,0,0.001,0.015,0,0,0.076,0,0.021,0.021,0,0
429.607477,85.280374,0.001,0,0.01,0,0,0,0,0.298,0,0,0,0.035,0.002,0,0,0,0.252,0.011,0,0,0.025,0,0,0.001,0.014,0,0,0.15,0,0.03,0.023,0.004,0
449.456522,131.141304,0.001,0,0.036,0,0,0,0,0.359,0,0,0,0.071,0.001,0,0,0,0.164,0.021,0,0,0.026,0.001,0,0,0.034,0,0,0.098,0,0.055,0.04,0.008,0
468.449541,174.330275,0.002,0,0.059,0,0,0,0,0.267,0,0,0,0.096,0.001,0,0,0,0.083,0.013,0,0,0.058,0.002,0,0,0.049,0,0,0.034,0,0.109,0.075,0.019,0.003
485.806452,215.043011,0.001,0,0.034,0,0,0,0,0.213,0,0,0,0.045,0.003,0,0,0,0.066,0.006,0,0,0.022,0,0,0,0.02,0,0,0.04,0,0.036,0.025,0.006,0
500.436364,249.636364,0,0,0.028,0,0,0,0,0.153,0,0,0,0.039,0,0,0,0,0.058,0.01,0,0,0.026,0.001,0.001,0,0.017,0,0,0.046,0,0.032,0.025,0.006,0.002
514.042553,283.638298,0.001,0,0.02,0,0,0,0,0.176,0,0,0,0.042,0.001,0,0,0,0.085,0.011,0,0,0.014,0,0.001,0.001,0.009,0,0,0.038,0,0.039,0.031,0.003,0.003
524.790909,309.390909,0.007,0,0.024,0,0,0,0,0.237,0,0,0,0.046,0.002,0,0,0,0.107,0.024,0,0,0.016,0.001,0,0.001,0.008,0.001,0,0.075,0,0.049,0.032,0.006,0.01
533.958763,329.793814,0.007,0,0.019,0,0,0,0,0.255,0,0,0,0.021,0,0,0,0,0.158,0.017,0,0,0.014,0.001,0,0,0.002,0.002,0,0.081,0,0.042,0.032,0.002,0.01
540.453704,346.018519,0.009,0,0.015,0,0,0,0,0.259,0,0,0,0.026,0,0,0,0,0.142,0.015,0,0,0.001,0,0,0,0.002,0.001,0,0.12,0,0.033,0.021,0.004,0.014
545.479167,359.25,0.021,0,0.013,0,0,0,0,0.288,0,0,0,0.034,0.001,0,0,0,0.148,0.01,0,0,0.008,0.001,0.001,0,0.001,0,0,0.121,0,0.026,0.033,0.005,0.01
547,366.072727,0.028,0,0.007,0,0,0,0,0.272,0,0,0,0.031,0,0,0,0,0.167,0.014,0,0,0.003,0,0,0.001,0.002,0.003,0,0.105,0,0.022,0.021,0.006,0.007
548.705263,370.873684,0.028,0,0.008,0,0,0,0,0.251,0,0,0,0.029,0,0,0,0,0.188,0.009,0,0,0.003,0,0,0,0,0.002,0,0.128,0,0.021,0.012,0.001,0.007
549.481818,371,0.022,0,0.002,0,0,0,0,0.255,0,0,0,0.018,0.001,0,0,0,0.179,0.009,0,0,0.001,0,0.002,0,0.002,0.005,0,0.15,0,0.013,0.021,0.003,0.012
547.126316,370.842105,0.028,0,0.009,0,0,0,0,0.27,0,0,0,0.017,0.001,0,0,0,0.174,0.006,0,0,0.002,0,0.001,0.002,0,0.001,0,0.131,0,0.019,0.018,0.001,0.014
543.87963,367.518519,0.022,0,0.015,0,0,0,0,0.284,0,0,0,0.025,0,0,0,0,0.168,0.004,0,0,0.001,0,0,0.001,0.003,0.002,0,0.134,0,0.02,0.013,0.003,0.014
539.773196,362.907216,0.021,0,0.014,0,0,0,0,0.278,0,0,0,0.022,0.003,0,0,0,0.173,0.008,0,0,0.002,0,0.004,0,0,0.008,0,0.129,0,0.021,0.021,0.004,0.014
535.917431,357.174312,0.017,0,0.011,0,0,0,0,0.281,0,0,0,0.031,0,0,0,0,0.169,0.01,0,0,0.006,0,0.002,0,0.002,0.003,0,0.133,0,0.027,0.015,0.001,0.009
529.618557,349.56701,0.018,0,0.01,0,0,0,0,0.27,0,0,0,0.03,0.001,0,0,0,0.167,0.009,0,0,0.008,0,0.002,0.001,0.004,0.001,0,0.115,0,0.038,0.026,0.001,0.012
524.472222,341.574074,0.032,0,0.02,0,0,0,0,0.296,0,0,0,0.03,0.002,0,0,0,0.178,0.01,0,0,0.007,0,0.005,0,0.003,0,0,0.118,0,0.036,0.02,0.002,0.022
518.765306,334.632653,0.028,0,0.024,0,0,0,0,0.298,0,0,0,0.032,0.002,0,0,0,0.168,0.013,0,0,0.01,0,0.001,0,0.002,0.004,0,0.104,0,0.042,0.031,0.005,0.017
513.407407,328.407407,0.027,0,0.022,0,0,0,0,0.292,0,0,0,0.034,0.002,0,0,0,0.176,0.018,0,0,0.012,0,0.004,0.001,0.005,0.003,0,0.106,0,0.037,0.027,0.005,0.02
507,321.071429,0.033,0,0.032,0,0,0,0,0.301,0,0,0,0.038,0.002,0,0,0,0.158,0.016,0,0,0.018,0,0.005,0.003,0.001,0.006,0,0.106,0,0.045,0.029,0.005,0.01
496.666667,313.990741,0.022,0,0.021,0,0,0,0,0.306,0,0,0,0.036,0,0,0,0,0.166,0.012,0,0,0.019,0,0.001,0.001,0.013,0.001,0,0.112,0,0.047,0.034,0.005,0.021
482.757576,310,0.024,0,0.023,0,0,0,0,0.28,0,0,0,0.039,0.003,0,0,0,0.155,0.018,0,0,0.017,0.001,0.002,0.001,0.01,0.001,0,0.097,0,0.039,0.034,0.007,0.013
466.138889,305.212963,0.022,0,0.025,0,0,0,0,0.26,0,0,0,0.03,0.005,0,0,0,0.16,0.024,0,0,0.013,0,0.002,0.002,0.005,0.005,0,0.106,0,0.054,0.034,0.011,0.022
446.474747,302,0.024,0,0.035,0,0,0,0,0.28,0,0,0,0.046,0.003,0,0,0,0.156,0.01,0,0,0.012,0,0,0.001,0.008,0.004,0,0.095,0,0.034,0.033,0.004,0.02
424.627273,298.427273,0.021,0,0.034,0,0,0,0,0.238,0,0,0,0.048,0.005,0,0,0,0.174,0.02,0,0.001,0.024,0.001,0.002,0,0.005,0.002,0,0.081,0,0.062,0.026,0.006,0.019
400.191919,296,0.021,0,0.036,0,0,0,0,0.276,0,0,0,0.055,0.003,0,0,0,0.151,0.023,0,0,0.019,0.001,0.002,0.003,0.005,0.001,0,0.092,0,0.053,0.02,0.01,0.034
376.183486,292.87156,0.009,0,0.033,0,0,0,0,0.29,0,0,0,0.052,0.004,0,0,0,0.157,0.018,0,0,0.021,0,0.001,0.001,0.005,0,0,0.08,0,0.049,0.036,0.01,0.022
351.069307,290.148515,0.012,0,0.034,0,0,0,0,0.269,0,0,0,0.06,0.007,0,0,0,0.2,0.02,0,0,0.013,0,0,0.003,0.005,0.002,0,0.104,0,0.055,0.047,0.005,0.026
328.688679,285.858491,0.004,0,0.046,0,0,0,0,0.29,0,0,0,0.074,0.003,0,0,0,0.16,0.017,0,0,0.016,0,0.002,0.004,0.007,0.001,0,0.111,0,0.063,0.05,0.009,0.013
305.666667,281.404762,0.008,0,0.037,0,0,0,0,0.31,0,0,0,0.068,0.004,0,0,0,0.171,0.018,0,0,0.027,0,0.003,0,0.005,0,0,0.107,0,0.069,0.053,0.01,0.025
282.118644,275.042373,0.008,0,0.041,0,0,0,0,0.31,0,0,0,0.08,0.003,0,0,0,0.175,0.024,0,0,0.015,0.001,0.001,0.001,0.011,0.001,0,0.087,0,0.091,0.068,0.01,0.02
259.973451,268.362832,0.005,0,0.035,0,0,0,0,0.339,0,0,0,0.085,0.002,0,0,0,0.167,0.028,0,0,0.018,0,0.005,0,0.009,0.001,0,0.089,0,0.078,0.062,0.012,0.013
243.261905,264.071429,0.006,0,0.037,0,0,0,0,0.323,0,0,0,0.08,0,0,0,0,0.148,0.022,0,0,0.029,0.002,0.002,0.002,0.015,0.001,0,0.075,0,0.086,0.079,0.017,0.017
232.861789,261.073171,0.008,0,0.057,0,0,0,0,0.36,0,0,0,0.06,0.004,0,0,0,0.149,0.022,0,0,0.028,0,0.003,0.003,0.011,0,0,0.082,0,0.091,0.052,0.012,0.011
217.768293,253.987805,0.005,0,0.049,0,0,0,0,0.299,0,0,0,0.071,0.004,0,0,0,0.166,0.024,0,0,0.032,0,0,0.001,0.023,0.001,0,0.092,0,0.073,0.058,0.014,0.019
209.520325,250.357724,0.006,0,0.051,0,0,0,0,0.308,0,0,0,0.083,0.004,0,0,0,0.145,0.019,0,0,0.022,0.003,0,0.005,0.027,0.004,0,0.082,0,0.07,0.063,0.017,0.019
200.337209,248,0.011,0,0.081,0,0,0,0,0.285,0,0,0,0.088,0.01,0,0,0,0.127,0.016,0,0.001,0.032,0.003,0.002,0.004,0.024,0,0,0.086,0,0.073,0.065,0.018,0.012
196.04065,243.95935,0.015,0,0.065,0,0,0,0,0.317,0,0,0,0.067,0.01,0,0,0,0.136,0.016,0,0,0.031,0.003,0.003,0.002,0.023,0.001,0,0.065,0,0.067,0.071,0.021,0.021
194,241.517241,0.011,0,0.068,0,0,0,0,0.305,0,0,0,0.067,0.008,0,0,0,0.125,0.02,0,0,0.049,0,0.001,0.004,0.034,0,0,0.079,0,0.067,0.065,0.015,0.017
194,239.45,0.013,0,0.084,0,0,0,0,0.297,0,0,0,0.075,0.004,0,0,0,0.133,0.021,0,0,0.043,0.004,0.002,0.004,0.037,0.002,0,0.08,0,0.077,0.048,0.017,0.019
194,238,0.012,0,0.085,0,0,0,0,0.28,0,0,0,0.094,0.007,0,0,0,0.128,0.017,0,0.001,0.043,0.007,0.003,0.005,0.03,0.002,0,0.092,0,0.056,0.053,0.014,0.017
194,238,0.01,0,0.074,0,0,0,0,0.287,0,0,0,0.095,0.008,0,0,0,0.124,0.012,0,0,0.046,0.004,0.001,0.003,0.041,0.001,0,0.075,0,0.061,0.058,0.024,0.02
195.348315,236.617978,0.008,0,0.081,0,0,0,0,0.325,0,0,0,0.074,0.003,0,0,0,0.132,0.009,0,0,0.055,0.004,0.002,0.004,0.033,0.002,0,0.065,0,0.064,0.053,0.019,0.021
200.560976,235,0.009,0,0.064,0,0,0,0,0.32,0,0,0,0.072,0.008,0,0,0,0.152,0.017,0,0,0.054,0,0.002,0.006,0.024,0,0,0.067,0,0.062,0.053,0.014,0.017
204.318182,235,0.009,0,0.069,0,0,0,0,0.338,0,0,0,0.071,0.008,0,0,0,0.148,0.025,0,0,0.047,0.002,0.001,0.002,0.019,0,0,0.068,0,0.067,0.051,0.015,0.019
208.183333,236.775,0.009,0,0.077,0,0,0,0,0.345,0,0,0,0.079,0.006,0,0,0,0.12,0.019,0,0,0.049,0.005,0.001,0.001,0.018,0,0,0.075,0,0.069,0.049,0.016,0.025
211.045455,238,0.014,0,0.074,0,0,0,0,0.323,0,0,0,0.078,0.011,0,0,0,0.142,0.018,0,0,0.038,0,0.003,0.006,0.017,0.002,0,0.08,0,0.072,0.054,0.012,0.013
216.841667,239.766667,0.005,0,0.056,0,0,0,0,0.352,0,0,0,0.066,0.006,0,0,0,0.153,0.015,0,0,0.03,0,0.001,0.005,0.025,0.001,0,0.085,0,0.077,0.051,0.014,0.015
220,240,0.007,0,0.052,0,0,0,0,0.35,0,0,0,0.074,0.007,0,0,0,0.159,0.016,0,0,0.027,0.002,0.001,0.003,0.015,0.001,0,0.092,0,0.075,0.047,0.013,0.017
218.830508,239.09322,0.007,0,0.043,0,0,0,0,0.346,0,0,0,0.071,0.005,0,0,0,0.153,0.026,0,0,0.031,0.002,0.003,0.002,0.011,0.002,0,0.096,0,0.067,0.065,0.012,0.013
214.811111,233.377778,0.008,0,0.045,0,0,0,0,0.362,0,0,0,0.068,0.005,0,0,0,0.164,0.027,0,0,0.023,0,0.001,0.002,0.012,0.001,0,0.104,0,0.066,0.06,0.011,0.013
202.566667,222.125,0.004,0,0.053,0,0,0,0,0.354,0,0,0,0.08,0.005,0,0,0,0.158,0.015,0,0,0.022,0,0,0.004,0.012,0,0,0.084,0,0.07,0.059,0.014,0.015
187.483146,204.438202,0.004,0,0.077,0,0,0,0,0.358,0,0,0,0.089,0.006,0,0,0,0.151,0.013,0,0,0.025,0.001,0,0,0.013,0,0,0.085,0,0.069,0.032,0.01,0.013
172.5,190.5,0.002,0,0.069,0,0,0,0,0.342,0,0,0,0.068,0.005,0,0,0,0.133,0.019,0,0,0.041,0,0,0.003,0.02,0.001,0,0.091,0,0.064,0.038,0.022,0.005
155.177778,171.366667,0.003,0,0.073,0,0,0,0,0.291,0,0,0,0.063,0.007,0,0,0,0.121,0.022,0,0,0.047,0.002,0.001,0.009,0.036,0,0,0.078,0,0.063,0.046,0.017,0.013
127.859649,141.526316,0.002,0,0.116,0,0,0,0,0.239,0,0,0,0.073,0.005,0,0,0,0.088,0.01,0,0,0.071,0.002,0.001,0.005,0.036,0.001,0,0.057,0,0.044,0.05,0.015,0.012
110.422222,122.822222,0.001,0,0.086,0,0,0,0,0.248,0,0,0,0.061,0.007,0,0,0,0.08,0.015,0,0,0.058,0.002,0.001,0.002,0.055,0.001,0,0.055,0,0.073,0.06,0.018,0.009
87.82906,98.264957,0.004,0,0.085,0,0,0,0,0.243,0,0,0,0.057,0.009,0,0,0,0.096,0.018,0,0,0.074,0.001,0,0.006,0.059,0,0,0.048,0,0.053,0.059,0.022,0.012
63.629213,71.05618,0.005,0,0.086,0,0,0,0,0.288,0,0,0,0.056,0.014,0,0,0,0.093,0.012,0,0,0.057,0.005,0,0.004,0.046,0,0,0.047,0,0.066,0.054,0.027,0.011
47.226087,52.226087,0.005,0,0.1,0,0,0,0,0.287,0,0,0,0.071,0.02,0,0,0,0.106,0.012,0,0,0.068,0.002,0,0.005,0.048,0.001,0,0.064,0,0.054,0.046,0.014,0.008
28.978022,30.142857,0.001,0,0.113,0,0,0,0,0.255,0,0,0,0.076,0.015,0,0,0,0.087,0.01,0,0.001,0.069,0.002,0,0.004,0.05,0.002,0,0.058,0,0.058,0.054,0.018,0.012
18.286957,18.608696,0.002,0,0.115,0,0,0,0,0.247,0,0,0,0.064,0.011,0,0,0,0.068,0.016,0,0,0.097,0,0.002,0.004,0.072,0,0,0.048,0,0.059,0.042,0.02,0.015
3.064516,0.548387,0.008,0,0.109,0,0,0,0,0.251,0,0,0,0.072,0.013,0,0,0,0.078,0.013,0,0,0.084,0,0,0.002,0.052,0.002,0,0.053,0,0.057,0.044,0.022,0.012
-10.434783,-13.826087,0.005,0,0.12,0,0,0,0,0.221,0,0,0,0.062,0.02,0,0,0,0.09,0.012,0,0,0.071,0.002,0.001,0.006,0.057,0,0,0.058,0,0.063,0.035,0.029,0.015
-20.389474,-23.494737,0.005,0,0.106,0,0,0,0,0.236,0,0,0,0.082,0.022,0,0,0,0.086,0.018,0,0,0.075,0.004,0.002,0.014,0.051,0,0,0.045,0,0.081,0.04,0.017,0.012
-26.646018,-30.513274,0.005,0,0.097,0,0,0,0,0.26,0,0,0,0.069,0.018,0,0,0,0.085,0.009,0,0,0.066,0.001,0,0.004,0.055,0.001,0,0.051,0,0.062,0.048,0.026,0.021
-34.178947,-34.852632,0.01,0,0.094,0,0,0,0,0.27,0,0,0,0.072,0.02,0,0,0,0.112,0.016,0,0,0.055,0.006,0.001,0.005,0.059,0,0,0.04,0,0.066,0.046,0.022,0.011
-36.4,-35.872727,0.009,0,0.107,0,0,0,0,0.261,0,0,0,0.068,0.017,0,0,0,0.097,0.018,0,0,0.067,0,0.003,0.005,0.066,0.002,0,0.043,0,0.068,0.037,0.022,0.026
-40,-38,0.01,0,0.106,0,0,0,0,0.271,0,0,0,0.074,0.018,0,0,0,0.112,0.011,0,0,0.065,0.003,0.001,0.001,0.048,0.005,0,0.046,0,0.058,0.048,0.013,0.019
-42.135135,-35.864865,0.006,0,0.108,0,0,0,0,0.277,0,0,0,0.077,0.015,0,0,0,0.108,0.013,0,0,0.058,0.004,0.003,0.003,0.048,0,0,0.035,0,0.069,0.055,0.017,0.019
-43,-33.916667,0.012,0,0.108,0,0,0,0,0.275,0,0,0,0.074,0.008,0,0,0,0.095,0.015,0,0,0.066,0.003,0.003,0.004,0.054,0.003,0,0.037,0,0.06,0.046,0.017,0.025
-42.864865,-30.324324,0.01,0,0.127,0,0,0,0,0.28,0,0,0,0.073,0.018,0,0,0,0.086,0.01,0,0,0.056,0.003,0.003,0.006,0.054,0,0,0.046,0,0.058,0.036,0.023,0.022
-42.443299,-28.618557,0.011,0,0.115,0,0,0,0,0.277,0,0,0,0.072,0.016,0,0,0,0.105,0.015,0,0,0.065,0.004,0.002,0.008,0.064,0.002,0,0.037,0,0.052,0.036,0.016,0.017
-41.754386,-25.938596,0.009,0,0.099,0,0,0,0,0.272,0,0,0,0.074,0.013,0,0,0,0.089,0.015,0,0.001,0.063,0.003,0.003,0.002,0.048,0.002,0,0.041,0,0.056,0.042,0.023,0.033
-38,-17.742268,0.008,0,0.115,0,0,0,0,0.26,0,0,0,0.069,0.015,0,0,0,0.09,0.019,0,0,0.059,0.004,0.002,0.011,0.049,0.003,0,0.034,0,0.058,0.05,0.014,0.023
-36.714286,-16.142857,0.005,0,0.137,0,0,0,0,0.244,0,0,0,0.072,0.015,0,0,0,0.075,0.012,0,0,0.061,0.008,0.002,0.003,0.051,0.004,0,0.028,0,0.067,0.042,0.03,0.027
-35,-13.625,0.006,0,0.137,0,0,0,0,0.242,0,0,0,0.071,0.024,0,0,0,0.089,0.008,0,0,0.072,0.006,0.002,0.006,0.048,0,0,0.034,0,0.055,0.035,0.021,0.017
-31.330357,-10.053571,0.001,0,0.122,0,0,0,0,0.223,0,0,0,0.069,0.014,0,0,0,0.081,0.009,0,0,0.074,0.006,0.003,0.012,0.057,0.002,0,0.034,0,0.048,0.045,0.03,0.026
-25.061224,-7,0.009,0,0.118,0,0,0,0,0.221,0,0,0,0.086,0.024,0,0,0,0.08,0.011,0,0.001,0.062,0.009,0.001,0.006,0.053,0.001,0,0.032,0,0.069,0.041,0.014,0.024
-21.636364,-7,0.008,0,0.122,0,0,0,0,0.235,0,0,0,0.068,0.028,0,0,0,0.067,0.012,0,0,0.065,0.007,0.001,0.005,0.069,0.001,0,0.029,0,0.068,0.039,0.025,0.031
-18.175258,-6.030928,0.007,0,0.113,0,0,0,0,0.246,0,0,0,0.068,0.021,0,0,0,0.076,0.011,0,0,0.073,0.006,0.001,0.006,0.055,0,0,0.032,0,0.055,0.045,0.025,0.027
-14.378378,-5,0.007,0,0.112,0,0,0,0,0.249,0,0,0,0.065,0.021,0,0,0,0.098,0.013,0,0,0.082,0.006,0,0.005,0.06,0,0,0.031,0,0.046,0.035,0.031,0.015
-10.795918,-5,0.01,0,0.109,0,0,0,0,0.249,0,0,0,0.064,0.018,0,0,0,0.091,0.014,0,0,0.077,0.008,0.001,0.004,0.06,0.003,0,0.028,0,0.047,0.041,0.032,0.02
-8.526316,-5,0.007,0,0.11,0,0,0,0,0.257,0,0,0,0.072,0.018,0,0,0,0.082,0.006,0,0,0.067,0.001,0.001,0.008,0.06,0.003,0,0.034,0,0.055,0.049,0.025,0.031
-6.835052,-5,0.005,0,0.105,0,0,0,0,0.256,0,0,0,0.059,0.011,0,0,0,0.084,0.016,0,0,0.073,0.003,0.005,0.008,0.061,0.001,0,0.039,0,0.054,0.049,0.029,0.026
-5,-6.892857,0.006,0,0.107,0,0,0,0,0.261,0,0,0,0.061,0.025,0,0,0,0.071,0.013,0,0,0.093,0.001,0.001,0.006,0.054,0.003,0,0.046,0,0.046,0.041,0.022,0.028
-1.204082,-7,0.008,0,0.112,0,0,0,0,0.246,0,0,0,0.068,0.024,0,0,0,0.072,0.02,0,0,0.063,0.005,0.002,0.011,0.047,0.003,0,0.051,0,0.047,0.045,0.026,0.025
1.135135,-5.864865,0.008,0,0.119,0,0,0,0,0.24,0,0,0,0.065,0.022,0,0,0,0.08,0.013,0,0,0.069,0.004,0,0.008,0.052,0.001,0,0.056,0,0.054,0.047,0.023,0.029
2,-5,0.006,0,0.123,0,0,0,0,0.247,0,0,0,0.067,0.017,0,0,0,0.102,0.014,0,0,0.06,0.004,0.002,0.01,0.057,0,0,0.047,0,0.048,0.045,0.022,0.03
4.169643,-5,0.008,0,0.1,0,0,0,0,0.244,0,0,0,0.069,0.016,0,0,0,0.099,0.019,0,0,0.064,0.004,0.003,0.007,0.047,0.002,0,0.057,0,0.052,0.041,0.027,0.025
5.969697,-6.494949,0.01,0,0.116,0,0,0,0,0.253,0,0,0,0.068,0.017,0,0,0,0.108,0.006,0,0,0.066,0.005,0.003,0.007,0.039,0.001,0,0.045,0,0.057,0.048,0.033,0.014
7,-7,0.006,0,0.125,0,0,0,0,0.257,0,0,0,0.064,0.022,0,0,0,0.1,0.02,0,0,0.072,0.006,0.001,0.005,0.051,0.003,0,0.054,0,0.054,0.026,0.022,0.016
7,-7,0.012,0,0.11,0,0,0,0,0.249,0,0,0,0.053,0.021,0,0,0,0.09,0.016,0,0,0.065,0.003,0.001,0.007,0.05,0.001,0,0.063,0,0.05,0.042,0.023,0.014
