id,x,y,matches
0,1108.262207,668.802124,52
1,1108.262207,668.802124,52
2,1103.934814,672.333679,47
3,1095.582520,661.269409,55
4,1106.422241,679.252258,54
5,1113.891968,698.975769,51
6,1128.385498,675.204712,48
7,1118.270142,662.847961,45
8,1120.080688,671.183899,47
9,1128.921387,681.543579,53
10,1127.337036,674.758972,54
11,1128.459961,682.831726,41
12,1120.285400,687.119446,50
13,1122.060303,695.050476,48
14,1128.531616,693.725220,47
15,1145.789673,702.304077,49
16,1156.034180,706.631226,52
17,1160.137451,696.610168,46
18,1157.517944,702.533508,48
19,1149.943481,681.818787,37
20,1144.630127,656.387512,47
21,1134.240845,644.754944,46
22,1126.109741,638.011658,42
23,1113.432739,614.547485,49
24,1109.017822,606.747986,47
25,1102.937866,593.460083,47
26,1095.982056,571.584839,50
27,1093.582153,547.004822,51
28,1089.184814,518.805969,51
29,1085.952515,482.762756,47
30,1081.284424,459.610077,57
31,1080.387085,441.825928,60
32,1076.252441,435.865723,54
33,1086.883789,426.255676,51
34,1092.845825,419.032379,50
35,1090.789429,414.577484,53
36,1091.515991,421.862640,50
37,1095.616089,446.275391,42
38,1105.905029,470.266876,39
39,1104.695923,492.131348,49
40,1100.592285,507.353821,43
41,1102.894653,522.352844,40
42,1094.344727,545.687195,47
43,1078.776489,566.511414,47
44,1073.458496,567.664124,54
45,1073.800415,575.274414,53
46,1073.986694,567.437622,48
47,1079.089111,561.777344,53
48,1073.824463,529.677551,59
49,1077.900513,524.765869,56
50,1075.246094,504.448853,49
51,1059.112915,470.672058,61
52,1050.808960,439.446259,49
53,1049.956421,424.997803,43
54,1043.339966,388.944519,49
55,1026.047241,354.147217,69
56,1010.822083,334.196686,60
57,1001.578796,322.314514,64
58,979.521667,318.004852,50
59,954.014282,287.857361,56
60,941.322998,250.209198,54
61,913.661377,228.442535,48
62,915.339355,213.851135,52
63,908.132324,234.892700,47
64,908.107056,236.385651,39
65,900.358459,242.683380,41
66,890.539062,241.524414,42
67,884.578186,259.222076,41
68,896.146423,271.351105,43
69,900.954529,303.081512,47
70,899.905090,319.027496,55
71,899.186768,353.702362,54
72,915.156677,395.258789,55
73,935.935974,428.614624,71
74,958.070801,461.043884,59
75,980.382446,500.758423,51
76,1000.028931,530.081177,50
77,1027.384888,547.143616,51
78,1044.983887,549.858643,55
79,1053.927124,575.923950,53
80,1057.683350,595.515015,56
81,1075.074951,634.557251,46
82,1091.185913,659.822571,48
83,1111.675903,680.024963,51
84,1111.675903,680.024963,51
85,1133.808228,699.251404,58
86,1151.399536,719.761475,52
87,1159.773926,697.626831,49
88,1167.757202,685.938232,55
89,1172.404175,672.180969,52
90,1171.734741,639.866821,52
91,1166.999268,609.017273,55
92,1154.244751,544.573486,48
93,1153.932129,516.649414,50
94,1150.328491,514.844238,53
95,1143.685059,492.837463,45
96,1146.110596,508.035980,45
97,1149.602051,518.496094,47
98,1168.404663,545.432129,54
99,1172.952393,555.070679,48
100,1186.354126,603.693665,50
101,1196.666870,615.015137,47
102,1198.745117,642.590942,60
103,1187.396362,637.910095,69
104,1171.078857,631.757446,60
105,1155.362671,617.338135,62
106,1127.909180,602.963745,61
107,1106.554932,610.659607,52
108,1098.030029,621.573547,55
109,1094.490234,623.160645,54
110,1090.781738,616.569763,53
111,1087.799561,583.905579,49
112,1088.141357,555.352234,49
113,1088.606567,537.680786,47
114,1090.686157,514.262695,44
115,1077.941528,478.068298,43
116,1073.731201,466.114990,46
117,1076.151123,443.044434,40
118,1079.088013,413.118744,43
119,1077.889038,382.266571,51
120,1076.505249,362.876190,55
121,1073.386475,350.843048,55
122,1069.106567,320.395844,48
123,1070.500122,303.976044,40
124,1066.140137,277.292603,33
125,1067.623779,250.893219,44
126,1074.116333,235.762695,32
127,1066.474487,237.182068,33
128,1088.613892,217.413208,32
129,1090.541504,214.899353,34
130,1086.033325,193.596985,33
131,1080.368286,165.417786,33
132,1080.415161,150.628235,38
133,1075.361450,162.198853,29
134,1076.159058,158.815125,43
135,1067.643066,160.499817,37
136,1045.530518,174.462891,27
137,1026.980957,165.157959,31
138,1012.849670,170.154602,43
139,1008.204102,186.956177,40
140,1002.264160,190.851135,44
141,994.043335,185.817444,46
142,972.027405,187.198059,52
143,949.835876,183.111816,46
144,924.953369,180.246216,47
145,904.025696,186.432861,49
146,881.828674,206.252686,42
147,861.300537,208.167267,40
148,830.095520,216.990234,37
149,807.210754,212.633331,40
150,795.754944,208.488831,39
151,765.120544,201.209656,55
152,756.730591,202.733154,66
153,756.730591,202.733154,66
154,748.502441,220.474121,61
155,751.321777,241.207733,51
156,756.258301,277.526184,60
157,759.413635,294.780182,65
158,764.279663,340.026978,46
159,790.557739,397.215668,43
160,782.655029,436.533875,48
161,774.148193,449.749847,48
162,784.191650,479.700134,60
163,800.493652,508.246918,48
164,793.822144,528.005310,65
165,778.461792,547.474609,68
166,773.616394,559.844788,78
167,766.479614,584.377502,79
168,759.351135,603.488403,82
169,759.604248,617.604919,76
170,762.597107,635.717834,112
171,763.058289,649.248108,124
172,755.486267,654.859985,120
173,755.191528,649.932129,119
174,750.886230,657.233765,95
175,741.609497,644.047363,116
176,736.919617,610.121460,115
177,735.466675,588.830200,126
178,742.005066,567.652222,102
179,744.579163,555.977478,88
180,751.196533,521.459473,80
181,754.189331,499.325836,68
182,755.975891,479.257812,65
183,757.504272,461.764374,64
184,768.718750,435.295288,64
185,786.286926,427.476715,53
186,795.306458,414.919769,48
187,807.955200,404.256409,47
188,824.535522,396.118164,49
189,851.339966,393.751282,40
190,877.638916,399.016357,46
191,884.040466,396.900208,40
192,899.835205,388.358948,47
193,907.103394,385.758636,47
194,926.992310,388.333679,50
195,950.775269,384.206055,46
196,950.775269,384.206055,46
197,960.290833,388.367950,50
198,951.445312,382.993652,34
199,948.682861,376.464935,45
200,928.456604,382.009399,41
201,910.885681,393.475708,44
202,907.905518,395.215240,50
203,877.660828,406.858368,42
204,877.660828,406.858368,42
205,838.617432,389.711060,46
206,830.269775,389.234406,44
207,829.712769,379.372375,44
208,825.224731,372.785889,38
209,817.805420,368.567139,38
210,788.634277,361.040771,41
211,755.551514,354.662598,44
212,724.101807,354.554260,43
213,699.201599,368.680420,47
214,696.415833,381.845032,43
215,688.049805,421.835754,38
216,673.006042,447.447296,37
217,673.006042,447.447296,37
218,639.315552,474.494324,34
219,625.471069,492.026611,36
220,625.471069,492.026611,36
221,616.063293,505.956543,33
222,607.689514,515.314453,35
223,599.230225,519.853638,33
224,599.230225,519.853638,33
225,571.751526,550.752563,23
226,571.751526,550.752563,23
227,552.508301,557.431274,17
228,541.103455,570.310913,25
229,518.632690,580.947327,21
230,518.632690,580.947327,21
231,510.060150,583.451355,23
232,506.755188,589.949219,25
233,500.253204,589.702393,29
234,479.754242,593.681580,25
235,461.784119,593.929077,23
236,459.770782,598.891724,23
237,455.195435,609.328613,32
238,454.868591,596.409912,22
239,456.737976,598.535583,24
240,465.225952,597.489990,28
241,465.275726,594.011536,24
242,468.252289,590.686340,23
243,468.252289,590.686340,23
244,459.538239,603.942139,27
245,446.674377,605.537292,25
246,423.873230,621.334900,23
247,412.553467,613.592407,24
248,397.687744,613.506165,24
249,382.134674,607.724243,26
250,367.116730,604.414856,26
251,338.723419,606.362732,20
252,338.723419,606.362732,20
253,472.567810,587.275391,18
254,472.567810,587.275391,18
255,327.169678,572.691772,10
256,327.169678,572.691772,10
257,327.169678,572.691772,10
258,327.169678,572.691772,10
259,327.169678,572.691772,10
260,327.169678,572.691772,10
261,327.169678,572.691772,10
262,182.940842,595.212219,23
263,175.612686,592.453674,29
264,175.612686,592.453674,29
265,175.612686,592.453674,29
266,160.524506,569.204163,29
267,169.783371,561.939453,28
268,164.387238,549.513367,21
269,172.358978,527.884644,28
270,180.137375,512.701416,17
271,182.376541,508.378479,24
272,200.342209,500.069458,19
273,223.640167,491.427368,15
274,236.173813,482.600098,15
275,277.401093,457.535248,14
276,266.907898,449.390472,25
277,292.551788,441.250122,26
278,293.624115,496.312225,17
279,330.917450,463.774139,16
280,330.917450,463.774139,16
281,336.681824,482.831665,24
282,365.084351,486.442444,21
283,374.194763,482.414673,18
284,300.773895,426.606171,15
285,300.773895,426.606171,15
286,434.104584,431.355835,35
287,434.104584,431.355835,35
288,434.104584,431.355835,35
289,482.690552,441.612305,27
290,504.890106,457.068787,24
291,531.044739,460.296417,22
292,546.656799,458.278229,33
293,585.675476,449.729034,39
294,592.672363,444.058685,38
295,615.120178,430.466339,40
296,635.122192,420.712769,52
297,632.247559,402.838318,56
298,637.800232,393.232239,55
299,639.016296,385.765717,78
300,639.016296,385.765717,78
301,675.361023,427.361053,55
302,637.303955,395.041718,79
303,598.094421,406.350189,74
304,598.094421,406.350189,74
305,598.094421,406.350189,74
306,569.300903,433.589996,55
307,569.300903,433.589996,55
308,569.300903,433.589996,55
309,536.162170,473.207489,62
310,536.162170,473.207489,62
311,563.550781,441.932343,72
312,563.550781,441.932343,72
313,551.131897,415.150085,105
314,551.131897,415.150085,105
315,495.867432,366.365601,111
316,495.867432,366.365601,111
317,495.867432,366.365601,111
318,495.867432,366.365601,111
319,495.867432,366.365601,111
320,389.023163,262.343323,133
321,389.023163,262.343323,133
322,389.023163,262.343323,133
323,389.023163,262.343323,133
324,389.023163,262.343323,133
325,238.704208,319.475494,97
326,238.704208,319.475494,97
327,238.704208,319.475494,97
328,214.845108,362.590515,97
329,214.845108,362.590515,97
330,214.845108,362.590515,97
331,213.046494,396.484589,108
332,213.046494,396.484589,108
333,213.046494,396.484589,108
334,245.036743,355.459717,112
335,245.036743,355.459717,112
336,245.036743,355.459717,112
337,245.036743,355.459717,112
338,345.626373,383.375549,127
339,345.626373,383.375549,127
340,345.626373,383.375549,127
341,345.626373,383.375549,127
342,345.626373,383.375549,127
343,345.626373,383.375549,127
344,300.426575,372.347534,110
345,282.524963,369.885193,111
346,282.524963,369.885193,111
347,282.524963,369.885193,111
348,282.524963,369.885193,111
349,282.524963,369.885193,111
350,290.963379,397.391327,114
351,339.950195,429.208282,116
352,339.950195,429.208282,116
353,344.564056,432.124573,121
354,344.564056,432.124573,121
355,344.564056,432.124573,121
356,377.329987,424.301819,119
357,377.147736,425.200378,112
358,377.147736,425.200378,112
359,395.845093,443.370972,116
360,398.323608,460.176086,93
361,398.323608,460.176086,93
362,398.323608,460.176086,93
363,457.985657,491.264709,32
364,457.985657,491.264709,32
365,457.985657,491.264709,32
366,521.195312,510.048370,29
367,553.585266,549.822571,31
368,553.585266,549.822571,31
369,553.585266,549.822571,31
370,553.585266,549.822571,31
371,541.548706,555.998901,34
372,541.548706,555.998901,34
373,540.130249,536.299072,36
374,545.302734,525.118958,29
375,545.302734,525.118958,29
376,545.302734,525.118958,29
377,545.302734,525.118958,29
378,545.302734,525.118958,29
379,517.697754,410.291931,26
380,524.022034,366.630798,75
381,524.155640,362.186890,74
382,529.795837,348.326477,71
383,529.795837,348.326477,71
384,545.304871,328.756653,96
385,544.080505,313.047211,83
386,544.080505,313.047211,83
387,610.539307,285.138489,58
388,636.784180,273.677979,75
389,655.475037,263.236328,80
390,655.475037,263.236328,80
391,676.966370,270.724670,72
392,678.261169,271.826416,68
393,668.218811,280.471191,59
394,639.766602,300.916840,40
395,588.377502,355.303284,28
396,588.377502,355.303284,28
397,625.704407,431.640289,20
398,625.704407,431.640289,20
399,625.704407,431.640289,20
400,625.704407,431.640289,20
401,856.603699,492.124054,28
402,856.603699,492.124054,28
403,911.348450,453.965118,41
404,934.886963,411.781830,52
405,941.825562,400.384735,73
406,953.225342,391.283325,73
407,951.605713,331.575226,64
408,931.219238,291.537109,37
409,930.491394,287.232574,35
410,926.786438,258.302643,41
411,926.786438,258.302643,41
412,942.016052,238.214508,62
413,944.257507,226.666901,75
414,952.402588,208.179382,58
415,928.925781,192.728088,62
416,893.415466,203.494141,78
417,893.415466,203.494141,78
418,893.415466,203.494141,78
419,893.415466,203.494141,78
420,893.415466,203.494141,78
421,893.415466,203.494141,78
422,893.415466,203.494141,78
423,893.415466,203.494141,78
424,893.415466,203.494141,78
425,893.415466,203.494141,78
426,893.415466,203.494141,78
427,893.415466,203.494141,78
428,893.415466,203.494141,78
429,893.415466,203.494141,78
430,893.415466,203.494141,78
431,893.415466,203.494141,78
432,893.415466,203.494141,78
433,607.900879,189.362732,87
434,588.440613,197.717529,87
435,588.440613,197.717529,87
436,588.440613,197.717529,87
437,588.440613,197.717529,87
438,588.440613,197.717529,87
439,443.452972,202.292603,42
440,443.452972,202.292603,42
441,386.423767,190.377502,91
442,386.423767,190.377502,91
443,319.356445,197.919189,158
444,319.356445,197.919189,158
445,306.324249,208.333313,164
446,296.891113,187.592590,175
447,277.999664,190.284241,187
448,263.376404,182.922913,197
449,193.759491,156.454163,211
450,193.759491,156.454163,211
451,176.055328,156.399902,247
452,173.945175,161.637207,279
453,166.769897,163.737244,278
454,165.023438,163.979980,283
455,167.976517,167.965759,295
456,171.407761,176.872986,320
457,178.017975,178.936707,338
458,178.017975,178.936707,338
459,176.222839,183.830505,385
460,176.222839,183.830505,385
461,183.147491,179.424438,374
462,187.781158,170.154602,371
463,187.781158,170.154602,371
464,190.501450,177.976379,318
465,195.980347,204.499390,280
466,194.818100,209.762268,261
467,185.136963,253.663727,253
468,185.136963,253.663727,253
469,185.136963,253.663727,253
470,214.502609,332.051361,167
471,212.695923,367.322632,99
472,214.267181,383.481873,69
473,210.232056,396.960876,37
474,195.857040,427.869659,11
475,189.696030,454.630402,19
476,187.417587,470.644775,21
477,186.270142,495.517975,23
478,8.766188,471.570801,18
479,189.122650,517.656433,25
480,185.624680,521.755127,24
481,181.316315,543.098145,21
482,178.886642,561.709473,22
483,186.231216,540.606934,31
484,182.821274,558.327393,26
485,192.643967,566.035400,30
486,192.296600,570.684509,27
487,190.682434,576.555298,34
488,202.389359,559.176025,28
489,201.342102,551.059204,28
490,206.335815,558.577637,26
491,207.724152,578.052307,23
492,217.796829,569.661987,33
493,223.290314,553.683655,32
494,223.420807,556.609436,31
495,232.368256,558.432617,40
496,230.425400,558.458374,26
497,244.193375,549.245605,25
498,244.193375,549.245605,25
499,259.628113,546.995300,26
500,260.065002,549.649902,19
501,256.490753,546.060181,26
502,252.196625,539.337402,30
503,245.036438,531.030212,34
504,242.182556,524.021423,25
505,242.182556,524.021423,25
506,241.648575,521.096497,25
507,242.810822,529.802673,17
508,215.203262,533.380310,17
509,219.584961,542.597961,22
510,161.724030,553.857117,17
511,227.579712,537.710327,14
512,228.672134,525.580933,14
513,230.560059,516.307617,19
514,226.096268,509.171570,18
515,226.096268,509.171570,18
516,221.863907,507.576172,15
517,301.888733,218.947418,18
518,246.651840,499.071411,23
519,259.167725,500.501434,25
520,272.056061,500.058777,19
521,276.514038,493.700012,24
522,275.420074,497.506653,25
523,263.935181,508.822937,31
524,257.351624,513.259033,23
525,254.056717,512.726318,25
526,260.477173,512.025452,32
527,301.671814,499.431122,30
528,335.098175,466.497864,17
529,361.181335,451.305603,18
530,438.147614,474.142822,15
531,141.718445,1077.246216,16
532,323.676453,733.758545,11
533,506.946106,359.143036,20
534,547.577026,292.633087,31
535,573.948608,296.037292,53
536,575.986450,288.982391,63
537,600.031006,271.234192,76
538,610.606934,283.859009,70
539,604.650818,288.212830,62
540,593.477173,305.986938,49
541,-1.000000,721.000000,0
542,-1.000000,721.000000,0
543,-1020.433899,320.432739,15
544,571.585144,371.275177,30
545,577.500122,363.964142,26
546,565.382751,374.896912,17
547,536.579041,362.515106,36
548,536.579041,362.515106,36
549,573.459290,348.967102,13
550,533.753906,428.926758,18
551,533.753906,428.926758,18
552,523.114014,488.321198,23
553,540.589905,494.850983,28
554,540.589905,494.850983,28
555,552.224731,499.678955,33
556,583.511963,493.739288,36
557,593.086365,502.338562,34
558,599.304749,511.045746,39
559,599.304749,511.045746,39
560,610.183472,528.931213,38
561,614.859558,526.791321,37
562,613.819824,531.874878,44
563,611.326294,524.822754,36
564,600.804138,517.194946,35
565,605.467529,498.132660,37
566,607.780273,492.782532,40
567,599.354492,482.933868,39
568,599.099609,475.034851,32
569,601.662170,465.623535,34
570,589.002197,467.417603,32
571,579.077209,459.002106,33
572,552.308472,448.371704,23
573,547.611694,444.801758,20
574,535.606628,428.467987,18
575,528.932739,410.441223,27
576,537.098389,367.047882,35
577,541.143311,344.064148,49
578,536.726868,329.378143,68
579,531.260742,324.040436,69
580,531.727661,321.683044,83
581,532.329529,301.074768,89
582,554.183167,285.827362,113
583,567.688843,274.529419,85
584,573.217468,262.805115,78
585,570.054565,252.869904,86
586,572.498291,242.680359,95
587,572.339600,226.844940,98
588,572.339600,226.844940,98
589,567.346558,198.253967,123
590,583.339905,187.671143,120
591,597.262146,195.126831,108
592,623.109131,203.964661,106
593,643.450195,215.303558,66
594,671.160522,233.362579,51
595,721.367920,240.849548,36
596,762.512024,256.886688,43
597,777.873901,266.547791,58
598,782.357056,265.793304,61
599,792.930969,257.280487,56
600,808.436890,226.767944,45
601,826.673462,231.666962,39
602,849.960571,245.218262,26
603,864.761963,244.007568,29
604,878.568726,241.379211,28
605,892.429810,230.024536,36
606,887.992798,223.806580,37
607,881.161133,224.876282,42
608,891.519165,203.673767,38
609,895.603455,198.097778,40
610,896.408508,190.946594,43
611,896.665466,197.045593,45
612,896.139343,196.082275,38
613,886.158508,187.785522,44
614,886.518921,189.242310,45
615,880.414734,192.068176,47
616,880.278259,194.356689,38
617,891.358154,191.936890,45
618,892.184631,193.052307,47
619,894.331543,195.335388,46
620,889.153809,199.672546,39
621,893.068176,205.511047,40
622,916.428772,209.089355,53
623,949.696838,214.695953,46
624,985.116516,219.132019,37
625,1004.773438,221.666382,34
626,1014.684387,230.158691,38
627,1017.452881,253.690857,32
628,1035.411987,262.376312,25
629,1040.110718,256.105255,27
630,1051.968994,262.176971,35
631,1063.426270,264.761658,35
632,1069.980713,272.664459,34
633,1092.097900,273.516357,48
634,1100.227783,276.416901,49
635,1087.501465,291.004883,52
636,1073.835693,316.466125,48
637,1073.835693,316.466125,48
638,1072.376953,351.129120,56
639,1079.817749,368.378998,53
640,1077.547852,388.333710,40
641,1064.375366,424.385101,36
642,1050.398438,439.181641,46
643,1050.398438,439.181641,46
644,1030.229980,465.029297,57
645,995.994812,542.853394,67
646,1009.342163,541.045776,58
647,1001.621704,535.898926,65
648,1001.621704,535.898926,65
649,995.880615,558.308411,54
650,990.434021,573.275574,63
651,973.529236,574.009460,60
652,968.797546,562.619873,63
653,959.882507,559.462341,72
654,956.433594,560.481934,69
655,936.569580,563.109070,74
656,936.569580,563.109070,74
657,873.945190,571.543823,57
658,860.249268,569.577393,50
659,847.989868,559.057373,53
660,825.317444,552.739624,58
661,818.212097,548.242065,47
662,818.212097,548.242065,47
663,773.584412,530.743408,52
664,756.827393,523.507629,56
665,723.641785,519.536133,57
666,685.222351,518.916748,65
667,668.224609,520.643738,64
668,671.142639,525.427856,58
669,664.241699,522.288452,66
670,664.241699,522.288452,66
671,664.241699,522.288452,66
672,664.241699,522.288452,66
673,629.514160,507.787537,68
674,622.875244,508.638123,57
675,622.875244,508.638123,57
676,622.875244,508.638123,57
677,577.322937,526.945740,38
678,557.303528,538.334045,33
679,532.920959,553.722290,28
680,528.061340,565.786499,32
681,519.517517,566.230957,28
682,504.674561,563.227112,35
683,504.674561,563.227112,35
684,491.543182,553.496399,25
685,463.938812,533.429626,25
686,444.641418,523.879150,26
687,420.839600,507.815613,29
688,403.986389,495.697205,19
689,390.182343,495.736633,23
690,366.820923,505.828369,25
691,342.328186,513.098267,32
692,332.097717,515.893738,32
693,299.228638,522.046936,32
694,284.120361,521.228638,31
695,280.198151,516.790039,30
696,275.561768,514.838257,29
697,284.766663,509.753784,34
698,305.135101,511.944336,34
699,312.769348,512.121216,27
700,366.174957,492.909241,19
701,425.920746,500.618958,14
702,458.502472,501.433075,22
703,477.007812,497.229675,28
704,490.141022,489.222839,26
705,535.833862,483.677490,45
706,568.609497,505.474487,28
707,602.174988,507.917175,50
708,628.484985,504.546448,53
709,656.342346,518.950623,39
710,672.331787,508.002136,40
711,712.920776,494.095673,55
712,742.897400,500.776733,43
713,781.355896,505.558105,31
714,814.325684,535.038818,30
715,857.287964,557.433716,39
716,879.504333,556.121765,35
717,907.044617,533.549072,47
718,947.153198,516.565918,56
719,979.672791,513.839722,52
720,1020.406799,502.359131,49
721,1036.462280,473.092957,43
722,1051.839722,437.631378,40
723,1025.671509,402.050873,54
724,1018.927917,380.509857,49
725,1024.833862,365.541199,57
726,1037.031372,375.533173,56
727,1036.349487,374.885345,56
728,991.014893,366.113068,68
729,991.226562,371.364197,77
730,983.719116,400.765564,68
731,991.551636,416.418243,74
732,989.071228,418.290100,62
733,962.762329,411.642181,69
734,959.876831,430.001282,79
735,959.876831,430.001282,79
736,934.150269,432.825897,81
737,955.355408,441.979492,73
738,955.355408,441.979492,73
739,1004.611267,468.763336,74
740,962.573730,483.994659,73
741,977.785522,462.212463,82
742,968.604797,448.460876,84
743,969.204773,435.650757,99
744,979.547913,440.029541,96
745,986.066223,442.954102,82
746,1004.701843,476.825012,86
747,988.361877,472.768005,86
748,977.037415,473.137024,78
749,961.430847,480.398468,85
750,953.893005,467.185364,77
751,953.201538,458.621887,80
752,900.639404,496.513733,79
753,881.330811,509.064331,84
754,858.396545,514.354675,69
755,828.572449,496.529724,64
756,812.065002,494.059509,61
757,793.659729,432.159271,91
758,796.268433,393.820526,121
759,816.873596,397.506287,102
760,820.597107,344.008179,100
761,745.236938,331.009369,105
762,785.379272,344.809326,101
763,785.379272,344.809326,101
764,742.964966,309.169525,103
765,717.913696,312.359741,101
766,719.635620,288.920013,104
767,696.665649,258.606354,88
768,635.278625,246.825439,87
769,595.987793,272.474182,93
770,597.534424,267.650116,78
771,578.557007,271.665985,76
772,555.847717,269.284576,69
773,484.035309,265.427795,81
774,484.035309,265.427795,81
775,450.801849,255.076599,99
776,437.114563,260.454498,98
777,414.846649,275.141205,106
778,414.849182,285.351105,116
779,414.849182,285.351105,116
780,392.253815,311.366211,103
781,364.477875,348.116730,116
782,364.477875,348.116730,116
783,354.759796,354.547821,119
784,302.002319,357.338470,127
785,301.817261,352.632477,123
786,289.699524,347.325043,128
787,281.544403,369.742676,123
788,282.369080,372.260345,117
789,267.152283,429.117035,100
790,257.578430,434.172180,94
791,243.423431,433.347473,92
792,213.430374,473.793091,87
793,203.216614,486.417358,83
794,203.216614,486.417358,83
795,204.759781,487.819885,102
796,204.759781,487.819885,102
797,204.759781,487.819885,102
798,190.055222,502.578796,104
799,173.632324,508.755859,92
800,173.632324,508.755859,92
801,171.959229,500.445496,132
802,183.838989,447.910645,121
803,183.838989,447.910645,121
804,183.838989,447.910645,121
805,183.838989,447.910645,121
806,183.838989,447.910645,121
807,210.453110,290.764496,157
808,222.976364,268.136963,157
809,222.976364,268.136963,157
810,222.976364,268.136963,157
811,254.307587,221.765472,196
812,244.402039,228.200653,240
813,240.231598,203.787231,214
814,238.117004,198.117859,258
815,231.274933,201.580566,261
816,253.955490,192.236328,200
817,253.955490,192.236328,200
818,253.955490,192.236328,200
819,364.353851,186.877197,99
820,380.768921,184.883911,83
821,458.499115,176.988708,98
822,458.499115,176.988708,98
823,532.492554,165.864746,111
824,532.492554,165.864746,111
825,532.492554,165.864746,111
826,532.492554,165.864746,111
827,626.764160,130.120117,126
828,626.764160,130.120117,126
829,631.876953,130.979004,126
830,629.683228,165.148132,109
831,629.683228,165.148132,109
832,639.152344,187.659790,74
833,663.912903,179.210388,81
834,663.912903,179.210388,81
835,663.912903,179.210388,81
836,663.912903,179.210388,81
837,750.633057,211.401306,55
838,750.633057,211.401306,55
839,750.633057,211.401306,55
840,750.633057,211.401306,55
841,750.633057,211.401306,55
842,750.633057,211.401306,55
843,868.108765,222.713623,61
844,868.108765,222.713623,61
845,879.923157,204.239258,53
846,903.707214,213.248810,55
847,906.124939,229.345428,44
848,937.380615,231.709381,62
849,937.380615,231.709381,62
850,937.838684,244.305145,58
851,936.663269,251.448914,52
852,902.688293,240.210907,46
853,900.227539,245.139252,53
854,925.974670,252.081360,75
855,938.185791,283.907318,84
856,945.940613,310.626709,71
857,945.940613,310.626709,71
858,991.263367,321.268250,84
859,983.653320,327.140656,73
860,994.063477,354.336853,61
861,1010.652954,387.087463,44
862,1010.652954,387.087463,44
863,1029.529419,408.356659,52
864,1010.881165,435.723480,60
865,984.755615,468.119751,70
866,984.881042,469.640839,67
867,1005.358215,438.648773,55
868,1025.359009,396.314270,57
869,1039.577759,366.425476,44
870,1056.307617,334.383545,44
871,1064.764771,287.363312,33
872,1084.714355,242.109650,31
873,1073.869995,249.633820,35
874,1087.255615,208.323181,28
875,1097.053101,167.032715,41
876,1094.242065,204.585693,31
877,1093.677612,224.789520,31
878,1078.681885,289.771454,31
879,1077.391968,352.090271,44
880,1080.222778,394.919586,36
881,1078.086304,451.586517,36
882,1083.058960,470.447693,38
883,1090.833862,538.942444,35
884,1084.674805,576.315186,49
885,1086.151123,585.411133,41
886,1086.076416,592.507141,43
887,1085.350464,601.840698,46
888,1081.293213,618.600830,51
889,1084.524292,627.470825,46
890,1086.343384,630.563843,50
891,1083.298706,622.192932,46
892,1080.397217,584.556885,46
893,1092.272583,588.599243,49
894,1094.755493,591.162964,48
895,1096.963501,556.350769,44
896,1089.686646,491.637024,48
897,1088.157959,462.829376,38
898,1090.555054,452.328217,46
899,1092.424561,448.131378,42
900,1062.279907,424.311768,47
901,1045.908447,420.380768,44
902,1016.075806,404.757660,46
903,987.316956,381.936218,55
904,974.278687,350.231049,51
905,956.544617,352.879395,41
906,930.959595,354.877228,38
907,917.691833,360.233246,51
908,882.657593,324.682831,37
909,882.657593,324.682831,37
910,830.324463,269.887482,48
911,813.713745,238.209686,57
912,806.574280,229.797791,53
913,790.926758,213.189301,53
914,780.144775,203.296387,62
915,780.144775,203.296387,62
916,771.562134,172.726501,63
917,755.770874,159.210083,61
918,732.638428,165.529053,87
919,739.176025,200.928101,63
920,733.249756,236.618927,47
921,736.290344,269.892639,33
922,745.298340,282.302277,32
923,775.773010,350.025085,41
924,785.882080,387.185822,41
925,788.931213,411.305878,42
926,788.931213,411.305878,42
927,779.639465,458.217651,43
928,772.551697,481.072815,47
929,749.816589,520.770874,51
930,730.803406,532.335938,44
931,716.150757,563.266968,45
932,696.625427,590.605164,78
933,685.627319,602.080750,94
934,685.627319,602.080750,94
935,669.769287,601.177795,87
936,669.769287,601.177795,87
937,660.489502,594.412903,79
938,633.372009,598.585083,71
939,629.748230,601.828308,72
940,629.748230,601.828308,72
941,524.712891,615.779541,35
942,524.712891,615.779541,35
943,460.984924,608.628784,26
944,443.792358,594.197205,30
945,435.054993,587.451294,27
946,411.909973,586.034851,29
947,450.880005,593.895020,28
948,522.567139,583.151978,35
949,522.567139,583.151978,35
950,653.525696,547.343750,37
951,701.910217,515.111084,50
952,760.701111,516.118774,28
953,806.023804,428.201233,54
954,814.591431,419.170654,50
955,832.769226,421.437988,63
956,819.033264,411.924072,49
957,812.975525,413.330261,48
958,769.888489,408.302216,35
959,737.732910,402.197876,36
960,718.219543,408.145630,30
961,640.162415,441.481018,27
962,661.085388,412.966095,30
963,688.495300,398.605988,35
964,662.750854,366.115234,43
965,610.548767,360.110596,37
966,569.446533,382.406036,45
967,581.519592,391.190613,34
968,567.139038,403.644745,31
969,554.347290,390.054169,42
970,512.921997,357.772980,66
971,498.942871,358.187775,65
972,479.129700,360.617889,42
973,471.974213,365.911560,56
974,479.265411,361.162628,47
975,472.389984,367.119537,59
976,494.387726,390.034821,32
977,505.162628,391.701080,38
978,520.627258,412.013458,43
979,544.989258,424.424500,36
980,561.183899,442.764313,48
981,564.108521,484.424011,32
982,578.322998,498.929749,26
983,554.483948,516.787842,26
984,548.070068,533.237488,37
985,553.757385,539.940552,29
986,556.555115,535.705994,36
987,568.786743,525.066040,34
988,566.594238,505.274719,34
989,566.594238,505.274719,34
990,551.304138,437.187378,58
991,554.528931,398.451813,54
992,555.643311,383.965912,62
993,554.677063,368.389221,78
994,554.677063,368.389221,78
995,554.677063,368.389221,78
996,553.207886,328.753784,90
997,551.783813,314.833649,86
998,562.482239,287.305878,94
999,559.317871,260.042542,95
1000,563.642822,247.210358,107
1001,561.883850,225.148773,105
1002,561.337158,214.917206,136
1003,552.761536,213.779175,118
1004,554.019958,193.229004,121
1005,559.157959,195.344727,123
1006,564.990112,194.034119,112
1007,576.962463,209.096558,123
1008,577.515808,233.839813,103
1009,571.380859,261.004486,114
1010,588.323975,274.693451,92
1011,610.057251,289.340027,109
1012,612.176331,293.240265,116
1013,609.281189,297.740906,106
1014,604.857910,300.154510,111
1015,608.609985,326.960632,75
1016,603.744690,349.415833,81
1017,596.723022,380.211273,52
1018,591.293823,399.672699,61
1019,594.829102,436.918396,34
1020,580.907471,476.570374,23
1021,569.976929,509.079041,25
1022,570.546326,511.949280,25
1023,540.408875,510.143280,20
1024,505.974548,478.297852,12
1025,494.023041,462.715088,15
1026,489.384979,477.864899,19
1027,496.133606,510.799744,25
1028,492.223999,549.983154,25
1029,501.551483,572.225098,26
1030,491.451447,575.329224,23
1031,484.661621,591.949768,23
1032,480.718109,609.936890,24
1033,481.517944,630.395996,25
1034,484.867676,648.987244,28
1035,484.867676,648.987244,28
1036,475.503113,664.670105,37
1037,473.550385,676.608093,33
1038,455.328491,672.738586,28
1039,446.438019,683.132263,35
1040,430.406494,672.819275,23
1041,404.111359,667.991455,26
1042,476.274872,638.150574,28
1043,-1.000000,721.000000,0
1044,-1.000000,721.000000,0
1045,165.565475,557.255127,10
1046,-1.000000,721.000000,0
1047,80.244446,705.200378,26
1048,162.141342,707.714661,26
1049,157.677063,716.451721,24
1050,143.885712,697.242920,31
1051,133.682297,693.554016,30
1052,123.352066,686.833435,28
1053,126.931442,698.435547,34
1054,154.700699,690.162781,28
1055,172.005722,679.561157,29
1056,-1.000000,721.000000,0
1057,-1.000000,721.000000,0
1058,198.980331,611.304871,22
1059,199.454742,599.483398,21
1060,200.024902,578.675415,21
1061,219.186325,546.056580,16
1062,222.753036,540.388062,12
1063,64419.132812,34995.984375,12
1064,-1.000000,721.000000,0
1065,-1.000000,721.000000,0
1066,-1.000000,721.000000,0
1067,-1.000000,721.000000,0
1068,-1.000000,721.000000,0
1069,255.240814,342.536133,56
1070,250.029526,322.208771,99
1071,248.610352,291.525421,142
1072,255.620483,266.796753,151
1073,257.850128,256.630707,157
1074,249.574341,240.807739,160
1075,223.857620,241.242676,125
1076,203.765808,250.147034,131
1077,198.723663,267.265503,141
1078,207.650101,305.489502,110
1079,216.008408,339.702545,76
1080,216.008408,339.702545,76
1081,295.565063,197.005615,12
1082,214.357773,422.323486,9
1083,175.635498,460.168427,9
1084,203.291351,479.241699,11
1085,217.218445,503.317902,15
1086,-1.000000,721.000000,0
1087,199.968170,521.552551,10
1088,247.787994,538.888306,10
1089,238.223495,552.869812,17
1090,-1.000000,721.000000,0
1091,298.346619,579.193542,11
1092,264.177032,587.435181,28
1093,264.177032,587.435181,28
1094,274.895386,495.267303,22
1095,234.101761,593.080078,16
1096,231.919907,604.337708,18
1097,212.449722,606.953064,17
1098,212.449722,606.953064,17
1099,205.721909,588.146851,15
1100,195.936096,578.902039,15
1101,210.466766,589.460266,18
1102,210.466766,589.460266,18
1103,199.193100,588.902954,24
1104,191.940613,596.561829,18
1105,82.957207,643.864746,22
1106,82.957207,643.864746,22
1107,175.169907,578.411011,32
1108,162.224899,582.807617,24
1109,165.791046,592.822632,22
1110,163.227982,595.420105,22
1111,170.224274,602.546509,23
1112,149.333099,592.857178,25
1113,146.571823,585.598877,26
1114,141.625137,533.891479,24
1115,138.590210,475.687347,16
1116,146.517761,439.993073,24
1117,158.451462,423.339203,22
1118,175.033173,412.921387,21
1119,175.033173,412.921387,21
1120,161.065643,343.127777,124
1121,161.065643,343.127777,124
1122,161.065643,343.127777,124
1123,161.065643,343.127777,124
1124,124.976913,337.523132,150
1125,124.976913,337.523132,150
1126,124.976913,337.523132,150
1127,101.687569,260.163116,250
1128,101.039024,257.799286,291
1129,101.039024,257.799286,291
1130,113.079582,253.784943,280
1131,136.197357,256.710083,324
1132,160.108337,260.170868,317
1133,195.746353,272.241028,274
1134,195.746353,272.241028,274
1135,230.653580,303.151428,124
1136,238.321671,298.083130,82
1137,-1.000000,721.000000,0
1138,-1.000000,721.000000,0
1139,157.857483,962.220093,32
1140,376.843597,406.328064,36
1141,457.468079,191.747864,35
1142,457.468079,191.747864,35
1143,440.236877,323.025085,11
1144,-1.000000,721.000000,0
1145,-1.000000,721.000000,0
1146,-1.000000,721.000000,0
1147,-1.000000,721.000000,0
1148,472.507477,460.807983,17
1149,571.586731,511.401428,13
1150,571.586731,511.401428,13
1151,503.538208,493.954895,22
1152,503.538208,493.954895,22
1153,528.906738,520.620789,25
1154,528.906738,520.620789,25
1155,540.648193,518.676392,22
1156,550.249023,496.891663,20
1157,550.249023,496.891663,20
1158,532.376343,423.158051,17
1159,498.615814,391.656738,30
1160,464.908905,360.869812,35
1161,464.908905,360.869812,35
1162,517.888550,301.886932,52
1163,545.171265,273.008881,99
1164,538.275635,251.275146,84
1165,527.380981,243.539490,80
1166,499.431641,226.303528,83
1167,501.342834,229.347046,100
1168,490.006195,238.698456,75
1169,490.006195,238.698456,75
1170,508.300446,278.388550,86
1171,500.041260,283.329926,90
1172,472.496521,310.946442,94
1173,459.830933,308.307465,79
1174,459.830933,308.307465,79
1175,468.536163,312.016876,90
1176,463.060974,362.062073,69
1177,463.060974,362.062073,69
1178,498.224854,362.739349,78
1179,498.373230,384.700134,63
1180,498.373230,384.700134,63
1181,515.197388,398.052643,62
1182,566.373535,384.088043,76
1183,577.700623,390.764069,67
1184,577.700623,390.764069,67
1185,643.208496,402.382385,72
1186,676.953430,381.973633,83
1187,725.321716,393.713165,108
1188,788.229370,449.724579,84
1189,788.502563,446.586182,89
1190,788.502563,446.586182,89
1191,788.502563,446.586182,89
1192,848.040955,410.977783,72
1193,855.266235,406.467438,80
1194,855.031555,401.377777,86
1195,855.031555,401.377777,86
1196,885.790527,472.911926,84
1197,871.057007,485.127441,68
1198,867.177063,477.640167,77
1199,875.822205,482.466827,71
1200,911.327698,487.504395,74
1201,946.815369,465.459900,70
1202,938.050659,470.031372,64
1203,937.225342,472.193726,79
1204,923.891174,450.321442,90
1205,944.635864,473.817291,88
1206,949.647705,496.144165,95
1207,956.443665,475.943115,113
1208,956.443665,475.943115,113
1209,981.711853,463.003754,70
1210,981.711853,463.003754,70
1211,1009.982056,400.909485,100
1212,1016.393982,385.744812,98
1213,976.708557,337.482056,101
1214,966.147522,374.464355,107
1215,973.482910,400.379120,94
1216,989.536499,412.834686,86
1217,1002.409180,439.974518,85
1218,1016.633972,471.391083,97
1219,1019.708130,491.381958,96
1220,998.092590,533.343079,69
1221,964.349304,541.065796,67
1222,935.491577,549.314087,75
1223,919.944458,565.189453,70
1224,903.720032,580.968933,71
1225,900.551270,598.598572,68
1226,900.214355,587.715332,69
1227,904.184326,567.211304,63
1228,927.443298,534.586731,65
1229,936.528442,530.109253,59
1230,960.470398,492.565918,90
1231,960.470398,492.565918,90
1232,993.667480,474.822998,83
1233,942.045593,394.808533,103
1234,931.055359,412.934326,96
1235,956.238770,456.101898,103
1236,952.100769,441.022186,93
1237,952.100769,441.022186,93
1238,935.997803,456.201508,104
1239,918.302368,425.235565,113
1240,885.674011,429.583435,97
1241,885.674011,429.583435,97
1242,858.333679,494.627075,81
1243,861.119812,543.037781,68
1244,855.523926,574.870056,64
1245,888.401917,603.014099,67
1246,888.401917,603.014099,67
1247,924.367126,602.160767,80
1248,959.654846,592.676697,81
1249,977.120239,597.898193,84
1250,1000.006226,573.868530,68
1251,1021.712036,545.585876,72
1252,1026.434692,538.267151,75
1253,1026.434692,538.267151,75
1254,1007.003418,505.904510,85
1255,1011.813538,503.322876,83
1256,1010.831848,506.992126,78
1257,999.108459,496.498718,73
1258,977.429626,500.945618,64
1259,986.016479,547.805847,65
1260,986.016479,547.805847,65
1261,973.131104,484.666992,75
1262,973.131104,484.666992,75
1263,971.710510,415.466095,112
1264,967.695496,393.174194,122
1265,967.695496,393.174194,122
1266,968.483398,445.068878,80
1267,1014.363037,400.210388,82
1268,1056.804810,332.997009,88
1269,1091.351440,283.304108,93
1270,1077.980347,253.261017,89
1271,1071.638428,251.921204,87
1272,1060.714966,215.893738,74
1273,1042.933716,199.368591,64
1274,1014.867676,161.045471,62
1275,992.905518,175.111816,67
1276,991.216858,175.529419,67
1277,991.106812,151.010376,67
1278,974.429321,148.791748,61
1279,974.429321,148.791748,61
1280,948.549561,169.919128,75
1281,948.948792,181.991882,89
1282,948.291931,186.277100,77
1283,946.772034,194.568909,76
1284,946.085205,186.003418,80
1285,941.995239,181.886047,78
1286,941.483032,172.102417,84
1287,940.894287,177.102417,74
1288,936.984131,173.996216,80
1289,950.948425,197.309326,73
1290,945.811646,199.859009,83
1291,943.357422,205.971375,62
1292,995.679810,273.321472,73
1293,957.919556,268.404541,82
1294,964.432190,266.115265,77
1295,956.370361,238.968018,72
1296,923.475159,227.466309,84
1297,914.334656,242.654663,71
1298,900.210205,243.380707,65
1299,800.376160,330.687683,55
1300,772.027466,407.254333,44
1301,754.076538,439.540680,37
1302,744.491943,456.106628,30
1303,745.315369,537.044312,30
1304,742.132690,593.886292,42
1305,724.053894,610.880310,43
1306,704.758240,632.259033,48
1307,674.154602,653.852112,44
1308,657.364685,662.531494,64
1309,631.068298,697.036743,65
1310,631.068298,697.036743,65
1311,668.571960,643.707764,54
1312,691.222839,540.521301,50
1313,693.750793,524.344482,52
1314,726.263733,528.319580,54
1315,757.309265,463.531952,27
1316,762.317444,388.949860,39
1317,770.779480,370.915649,39
1318,808.938293,363.895447,34
1319,787.982483,291.787964,61
1320,758.817566,262.011444,59
1321,736.529602,221.059967,83
1322,715.126404,176.660278,137
1323,719.479553,184.829895,121
1324,719.479553,184.829895,121
1325,726.726196,242.702454,90
1326,733.046570,296.027679,46
1327,751.117249,364.957092,39
1328,744.304749,417.370697,33
1329,737.849548,439.435974,36
1330,707.036011,471.733917,28
1331,707.036011,471.733917,28
1332,674.283142,523.644836,42
1333,614.735962,567.602905,38
1334,577.579895,582.215576,28
1335,541.806213,585.521240,15
1336,497.969940,596.499878,19
1337,464.606476,603.124329,20
1338,432.524628,608.005127,19
1339,418.921112,617.140564,22
1340,426.879761,600.597961,29
1341,398.373199,621.960449,26
1342,393.638702,621.507751,27
1343,402.186249,580.593140,20
1344,401.496552,563.722107,27
1345,408.305115,467.519836,21
1346,408.176727,417.357147,45
1347,400.354309,400.367706,44
1348,413.742706,368.854736,51
1349,427.715515,297.060516,82
1350,422.121887,284.865295,86
1351,413.353729,295.286041,71
1352,383.529144,263.358734,59
1353,327.055725,238.505737,92
1354,298.980042,224.763123,230
1355,298.980042,224.763123,230
1356,298.980042,224.763123,230
1357,200.158371,200.710632,237
1358,172.480545,209.358185,202
1359,140.614700,263.704559,170
1360,140.614700,263.704559,170
1361,119.464752,369.003998,70
1362,113.994125,433.725800,48
1363,102.129478,508.599487,30
1364,100.407829,556.060913,21
1365,109.089264,586.643250,33
1366,108.678360,587.225830,35
1367,108.678360,587.225830,35
1368,132.814301,494.951874,21
1369,141.692429,458.202148,35
1370,172.526810,395.930206,45
1371,227.085632,355.043213,31
1372,255.354340,323.092438,71
1373,285.213837,295.861450,90
1374,295.445068,286.274200,99
1375,347.632904,247.875702,154
1376,356.383209,242.948456,176
1377,378.523499,239.696136,116
1378,392.961273,229.067627,118
1379,392.961273,229.067627,118
1380,438.850708,212.546295,131
1381,452.592712,233.935394,118
1382,450.982178,241.590576,123
1383,438.355194,284.001068,67
1384,409.701569,334.642334,49
1385,390.646210,383.166412,17
1386,394.919250,479.008972,19
1387,399.414307,500.907959,21
1388,402.887390,515.509399,26
1389,431.339752,474.877930,20
1390,460.925201,451.954285,12
1391,528.368835,433.312683,18
1392,678.536804,171.642212,15
1393,610.079468,445.001465,23
1394,672.322510,406.445862,29
1395,672.322510,406.445862,29
1396,715.244446,327.010254,51
1397,750.320496,300.137756,48
1398,803.438232,280.640839,41
1399,799.594116,262.936218,59
1400,795.391235,252.057343,58
1401,784.040649,247.821533,58
1402,753.318970,229.845215,64
1403,766.552795,204.579895,51
1404,790.265747,199.421021,36
1405,773.327942,171.780396,50
1406,760.308655,178.140381,60
1407,742.348633,172.164978,87
1408,746.923889,179.374451,55
1409,738.266541,244.337677,35
1410,738.841492,260.451660,33
1411,741.835999,363.779053,37
1412,726.989807,406.770294,26
1413,712.230103,437.908813,26
1414,730.433594,512.018555,41
1415,766.152100,565.068481,37
1416,763.703064,571.777100,53
1417,763.703064,571.777100,53
1418,763.703064,571.777100,53
1419,763.703064,571.777100,53
1420,753.821167,612.698975,111
1421,753.821167,612.698975,111
1422,753.821167,612.698975,111
1423,753.821167,612.698975,111
1424,753.821167,612.698975,111
1425,817.533264,623.534363,83
1426,817.533264,623.534363,83
1427,892.910461,604.355164,60
1428,900.152893,601.039001,62
1429,963.040588,592.490784,34
1430,963.040588,592.490784,34
1431,989.386536,609.318237,49
1432,991.177185,617.250122,67
1433,991.177185,617.250122,67
1434,991.177185,617.250122,67
1435,991.177185,617.250122,67
1436,1077.547241,633.688477,39
1437,1070.255615,589.717590,50
1438,1070.255615,589.717590,50
1439,1070.693970,384.755005,20
1440,-1.000000,721.000000,0
1441,-1.000000,721.000000,0
1442,-1.000000,721.000000,0
1443,-1.000000,721.000000,0
1444,1073.272583,182.920105,31
1445,1073.272583,182.920105,31
1446,1073.272583,182.920105,31
1447,1015.597656,213.373993,25
1448,1015.597656,213.373993,25
1449,1062.922363,175.526306,19
1450,970.636719,211.026978,23
1451,970.636719,211.026978,23
1452,970.636719,211.026978,23
1453,970.636719,211.026978,23
1454,750.281189,281.398468,35
1455,750.281189,281.398468,35
1456,750.281189,281.398468,35
1457,750.281189,281.398468,35
1458,752.173889,543.614563,47
1459,752.173889,543.614563,47
1460,750.355530,599.564575,53
1461,750.355530,599.564575,53
1462,750.355530,599.564575,53
1463,750.355530,599.564575,53
1464,750.355530,599.564575,53
1465,630.411743,598.976196,55
1466,673.596375,566.464905,50
1467,732.774475,525.885254,50
1468,746.627869,521.222900,61
1469,792.431213,559.162964,51
1470,803.984375,575.311523,66
1471,836.990173,574.448730,74
1472,836.990173,574.448730,74
1473,864.042908,565.122559,58
1474,950.076904,583.928406,28
1475,950.076904,583.928406,28
1476,984.905273,586.747681,37
1477,991.381348,581.552063,44
1478,1024.892700,515.007629,40
1479,1024.892700,515.007629,40
1480,1036.079102,444.064514,26
1481,1045.781128,397.011139,16
1482,1045.781128,397.011139,16
1483,1051.656250,232.775208,20
1484,1083.910767,179.251709,26
1485,1077.850098,144.421021,31
1486,1062.899048,151.383484,27
1487,1018.126221,199.901733,21
1488,1011.900330,256.566254,26
1489,-1.000000,721.000000,0
1490,1071.301025,429.269470,20
1491,1022.104309,379.807434,35
1492,1020.028870,395.493164,38
1493,1000.544922,423.869202,46
1494,981.907593,428.285461,48
1495,932.533020,427.173828,60
1496,910.726624,399.965820,56
1497,854.725098,307.806885,51
1498,823.238953,280.466980,43
1499,796.075317,240.335297,44
1500,724.244690,219.055237,57
1501,687.959961,210.567780,68
1502,662.386047,216.144501,68
1503,633.554077,244.520020,61
1504,640.990784,299.471466,57
1505,648.964050,365.968262,52
1506,648.964050,365.968262,52
1507,660.102783,444.617310,35
1508,660.102783,444.617310,35
1509,650.475891,550.857910,44
1510,650.388489,574.414734,50
1511,657.944641,585.305176,53
1512,657.944641,585.305176,53
1513,656.346069,573.616760,63
1514,611.607422,552.940430,37
1515,591.080688,546.725952,42
1516,576.396362,513.061584,32
1517,576.396362,513.061584,32
1518,573.605225,542.826538,40
1519,574.975342,545.022522,40
1520,564.122498,475.984009,29
1521,553.653992,421.237671,46
1522,553.653992,421.237671,46
1523,527.606018,325.771362,56
1524,520.335144,275.902802,77
1525,513.634277,273.681976,78
1526,491.995483,260.498413,84
1527,456.322083,255.203247,74
1528,407.600586,227.410187,78
1529,391.070068,194.613098,96
1530,374.641144,155.692078,99
1531,394.591736,156.563538,114
1532,388.774872,197.783264,100
1533,388.774872,197.783264,100
1534,284.610046,137.676147,95
1535,285.080078,161.124756,101
1536,289.442322,175.458923,106
1537,217.531387,158.764099,109
1538,200.586838,191.739746,88
1539,200.586838,191.739746,88
1540,220.610825,264.795776,107
1541,127.104172,322.562653,105
1542,131.014664,306.863220,124
1543,152.346756,313.404266,126
1544,127.292091,292.854340,124
1545,93.538689,305.337250,124
1546,73.433701,304.845795,116
1547,67.144020,264.024078,116
1548,66.444687,261.533691,120
1549,21.552534,263.170135,102
1550,58.373077,240.748627,113
1551,46.790901,263.064697,116
1552,7.673586,305.004059,111
1553,-23.639326,320.345917,104
1554,-23.639326,320.345917,104
1555,-80.113220,247.485107,87
1556,-100.143921,255.389526,84
1557,-140.162720,276.385986,70
1558,-140.162720,276.385986,70
1559,-184.164932,306.683777,82
1560,-257.066833,370.280731,57
1561,-133.626801,289.890686,58
1562,-133.626801,289.890686,58
1563,83.795044,121.987549,58
1564,82.277908,142.805542,66
1565,82.277908,142.805542,66
1566,-248.268372,426.631500,76
1567,-248.268372,426.631500,76
1568,-123.907318,451.928833,126
1569,-80.912865,438.430908,106
1570,-19.496069,417.265839,111
1571,31.696560,395.309113,97
1572,113.300644,392.987213,114
1573,149.188812,419.313416,101
1574,185.171021,448.519958,116
1575,185.171021,448.519958,116
1576,271.531708,451.745972,118
1577,322.462708,483.045349,131
1578,372.245453,491.807526,113
1579,372.245453,491.807526,113
1580,468.838043,480.157043,70
1581,491.549103,480.724915,57
1582,572.896851,511.458008,54
1583,628.580322,503.939209,64
1584,646.275452,470.350922,60
1585,700.231689,474.743652,58
1586,718.237915,487.343445,61
1587,712.813171,490.618042,68
1588,691.219666,462.390747,40
1589,705.684021,447.173126,45
1590,707.443726,452.899078,44
1591,754.552734,457.106323,48
1592,765.147766,413.755096,45
1593,815.875732,373.581299,48
1594,846.883179,381.885864,69
1595,896.993103,349.307068,72
1596,928.275757,338.762329,67
1597,955.590454,338.036865,81
1598,972.822388,338.703583,80
1599,975.259460,346.069946,93
1600,996.733582,338.544220,101
1601,996.733582,338.544220,101
1602,982.718445,286.529083,92
1603,981.362305,247.871307,74
1604,972.878418,225.086395,68
1605,988.548462,166.428589,54
1606,998.228455,167.812134,45
1607,989.941040,180.985840,53
1608,988.937500,163.795776,39
1609,995.856995,154.717041,38
1610,989.495789,190.356567,50
1611,993.685547,222.954285,56
1612,997.550415,285.413635,64
1613,1002.501343,345.896942,69
1614,1004.629700,405.879242,56
1615,1002.065613,425.075195,53
1616,1005.682922,455.831787,50
1617,998.069580,490.764435,61
1618,999.960754,525.653992,55
1619,996.804260,557.774048,61
1620,988.224487,587.825317,71
1621,989.876953,614.831543,67
1622,990.695923,657.486023,69
1623,1002.767395,684.028015,67
1624,1002.767395,684.028015,67
1625,1018.499207,714.483032,69
1626,1014.032288,719.842041,72
1627,1015.829712,719.259277,73
1628,1022.862915,720.984924,59
1629,1038.859863,724.417297,53
1630,1043.670410,715.917969,53
1631,1043.670410,715.917969,53
1632,1054.046631,642.931885,52
1633,1056.181763,618.013245,49
1634,1056.181763,618.013245,49
1635,1072.702393,522.661194,44
1636,1088.386230,489.517944,37
1637,1076.780029,447.705475,30
1638,1044.037109,358.703857,60
1639,1043.240479,310.213013,50
1640,1042.138550,297.232452,56
1641,1031.145142,261.154358,35
1642,1021.524597,260.452332,44
1643,989.539795,230.821198,35
1644,989.539795,230.821198,35
1645,918.086975,238.179382,36
1646,897.701355,242.786835,34
1647,878.556396,263.973358,36
1648,858.069702,268.643890,35
1649,852.429138,274.779114,41
1650,845.285278,273.098602,38
1651,797.687683,261.024780,34
1652,763.544189,220.979523,55
1653,742.594543,219.354828,80
1654,742.594543,219.354828,80
1655,712.429504,278.581268,48
1656,704.767334,309.008026,46
1657,686.683777,382.608063,38
1658,675.547852,424.670685,25
1659,669.028259,467.837280,26
1660,663.453247,515.869690,30
1661,655.157410,537.296021,32
1662,654.178162,547.888672,41
1663,635.791077,589.923279,36
1664,574.918762,616.203918,51
1665,516.206238,633.148315,32
1666,493.345093,649.389587,33
1667,455.623169,659.627075,23
1668,455.623169,659.627075,23
1669,408.840973,639.648987,32
1670,357.732361,613.884338,39
1671,314.470642,591.648071,30
1672,312.441528,558.020813,34
1673,321.498962,514.401001,19
1674,-1.000000,721.000000,0
1675,-1.000000,721.000000,0
1676,364.264069,409.923187,15
1677,392.371704,346.351471,25
1678,374.268463,305.155121,36
1679,314.644470,292.886719,67
1680,214.288666,314.365417,108
1681,178.969879,317.138062,141
1682,140.672165,287.828918,207
1683,129.845657,280.898315,198
1684,88.846550,304.334961,179
1685,88.846550,304.334961,179
1686,61.992615,403.349915,46
1687,59.835518,448.217010,30
1688,45.164848,502.071747,23
1689,42.417473,572.631592,20
1690,32.529613,626.181458,38
1691,21.923923,602.502014,31
1692,12.830032,589.658936,28
1693,32.890224,613.580933,33
1694,39.191242,587.650757,34
1695,36.622707,580.908936,32
1696,35.101257,479.553467,32
1697,17.807949,345.767303,104
1698,25.743181,272.745544,150
1699,60.548786,207.232422,191
1700,80.415306,179.907410,175
1701,81.317413,155.827515,230
1702,80.431564,138.764832,210
1703,82.488304,128.421082,203
1704,88.673286,125.132202,224
1705,107.108330,136.450317,200
1706,173.122879,158.182495,220
1707,199.413422,159.028625,194
1708,260.278992,170.504700,213
1709,306.486450,190.409241,255
1710,357.321381,202.009766,130
1711,403.006409,231.299011,146
1712,399.134918,272.585968,89
1713,391.252411,339.091766,30
1714,459.258545,506.476929,11
1715,504.733002,724.267090,17
1716,504.733002,724.267090,17
1717,445.605713,594.442505,23
1718,428.061951,597.451660,31
1719,410.779419,582.020935,33
1720,426.572052,566.240356,30
1721,565.366699,494.445740,29
1722,633.090576,455.063507,33
1723,667.393982,408.996460,41
1724,682.992126,385.321136,33
1725,708.765137,375.185760,50
1726,746.576111,394.406860,45
1727,778.556641,418.854828,43
1728,802.830872,419.784485,41
1729,856.264893,450.238739,35
1730,910.386963,423.565796,20
1731,932.666443,322.789642,33
1732,895.540161,265.839661,38
1733,805.911926,208.754974,33
1734,732.367004,185.248474,51
1735,676.895569,186.846436,53
1736,613.736145,176.972595,72
1737,574.008728,214.593658,64
1738,563.268616,276.418274,71
1739,570.460388,308.070312,91
1740,591.077026,347.362030,55
1741,615.386414,381.792969,47
1742,649.102173,405.023407,33
1743,679.727051,452.402496,35
1744,698.661743,470.644104,48
1745,709.909485,513.361938,49
1746,709.909485,513.361938,49
1747,723.242798,538.839722,48
1748,762.264832,570.426636,39
1749,792.362549,582.104980,39
1750,843.649902,511.530518,28
1751,861.660950,494.632019,29
1752,950.038330,466.504211,57
1753,1004.644409,438.939148,54
1754,999.620544,420.050293,51
1755,991.071899,399.470428,58
1756,991.071899,399.470428,58
1757,956.629456,412.968597,52
1758,907.328125,396.358765,30
1759,829.203491,386.457764,33
1760,802.028870,392.249847,48
1761,730.694092,391.712982,34
1762,677.809631,384.688538,33
1763,664.066772,384.153625,31
1764,618.140381,387.640839,30
1765,525.508545,384.743103,28
1766,488.561890,390.986847,27
1767,488.561890,390.986847,27
1768,381.316681,410.273468,18
1769,-1.000000,721.000000,0
1770,210.568359,403.766571,44
1771,180.759506,412.795135,58
1772,180.759506,412.795135,58
1773,180.759506,412.795135,58
1774,100.299347,485.473328,21
1775,96.447281,497.176086,23
1776,97.743553,537.754517,22
1777,105.999191,540.710876,21
1778,152.799515,553.963989,25
1779,195.722580,531.964111,24
1780,260.363495,482.788910,12
1781,297.661499,442.331543,30
1782,-1.000000,721.000000,0
1783,564.537964,611.477661,17
1784,336.192291,503.118713,21
1785,343.268036,519.489258,28
1786,356.463318,472.758423,33
1787,386.761017,439.754517,39
1788,438.365021,399.947113,29
1789,492.690857,376.076843,29
1790,578.819885,375.103394,33
1791,646.992004,375.400879,49
1792,688.313965,380.281769,49
1793,723.144043,390.587402,49
1794,768.530518,447.095825,39
1795,807.824646,469.337738,33
1796,843.972595,497.970032,46
1797,874.689636,517.696411,64
1798,902.774475,535.433838,75
1799,920.256348,539.894531,74
1800,936.634033,550.026367,84
1801,936.634033,550.026367,84
1802,931.571716,528.181763,65
1803,927.579529,494.943359,72
1804,922.043457,470.863403,62
1805,914.563477,447.737518,70
1806,904.932007,391.429871,60
1807,880.558289,326.500366,56
1808,876.568298,302.620239,49
1809,832.903442,276.132477,60
1810,786.581299,256.542877,56
1811,753.183289,233.387268,59
1812,735.175903,204.110107,59
1813,690.947388,192.121338,60
1814,650.485657,223.063751,65
1815,630.994202,240.455231,70
1816,609.792908,260.699463,79
1817,582.530579,306.790039,66
1818,581.892151,405.181274,35
1819,566.793579,456.485962,41
1820,561.475952,505.950073,46
1821,559.113098,524.226807,51
1822,584.580627,578.295166,40
1823,618.306763,600.349548,35
1824,634.734558,602.072021,40
1825,649.969910,605.830322,38
1826,658.013245,576.468933,36
1827,674.885376,596.954224,35
1828,691.341431,647.209412,48
1829,639.679871,620.304688,37
1830,639.679871,620.304688,37
1831,545.813354,566.990112,40
1832,583.172424,532.302124,30
1833,611.251282,486.967865,39
1834,665.152832,450.794159,54
1835,669.915161,477.836060,48
1836,667.264709,468.180054,56
1837,637.220215,404.226349,82
1838,613.136169,401.133667,86
1839,623.966064,408.883789,88
1840,615.213257,420.958038,88
1841,507.123596,385.893372,108
1842,477.403503,373.330048,133
1843,443.462097,364.734406,119
1844,437.261047,334.177795,118
1845,396.935913,269.010986,107
1846,396.935913,269.010986,107
1847,293.230316,325.030121,87
1848,293.230316,325.030121,87
1849,293.230316,325.030121,87
1850,264.202301,342.830627,99
1851,270.403076,368.509033,97
1852,257.003387,420.529510,81
1853,236.599792,491.562897,68
1854,234.013428,503.069641,55
1855,214.485947,447.739105,85
1856,162.603958,383.864288,100
1857,120.632011,359.345673,110
1858,92.852058,294.404480,118
1859,76.291031,249.094147,103
1860,76.212349,231.956543,117
1861,70.247314,197.539307,140
1862,10.447104,249.126129,113
1863,-23.381805,305.194733,119
1864,-24.385338,322.895081,98
1865,-28.088076,395.812714,101
1866,-30.052034,419.152313,109
1867,-24.439091,440.189240,105
1868,-14.048969,435.023407,113
1869,-8.676716,449.799530,102
1870,-8.032825,505.516876,86
1871,-14.269507,553.000977,71
1872,-36.210037,588.608276,62
1873,-26.250366,612.579895,57
1874,32.860512,639.719971,54
1875,47.060921,646.591003,59
1876,130.183624,632.482971,59
1877,167.399124,632.105225,48
1878,246.594177,642.357483,44
1879,255.110291,632.209045,41
1880,274.521851,629.731995,38
1881,288.976715,606.791870,43
1882,301.534698,603.315369,48
1883,316.651276,584.656372,41
1884,318.445618,546.715332,57
1885,319.480988,529.357056,74
1886,329.000519,487.595612,101
1887,348.589111,468.254120,99
1888,375.075378,463.410919,99
1889,574.576782,436.733978,87
1890,604.619080,418.830902,81
1891,682.126465,420.345612,96
1892,675.479614,419.343018,87
1893,708.516724,418.857117,86
1894,708.245728,420.486389,85
1895,748.513855,419.196350,76
1896,783.529602,392.392090,89
1897,789.985413,358.660950,107
1898,798.404968,313.276031,89
1899,805.250000,279.234650,110
1900,796.051514,259.967316,95
1901,811.796082,228.287628,89
1902,826.263855,221.625671,109
1903,845.140564,214.953644,109
1904,886.806763,219.066620,100
1905,892.632202,224.008759,114
1906,950.267883,281.930695,115
1907,955.017578,332.515472,117
1908,942.449707,351.687042,107
1909,923.658569,405.253174,115
1910,938.656982,463.474335,94
1911,955.142883,479.817627,101
1912,970.532776,550.974365,68
1913,991.837830,582.222717,51
1914,964.871155,586.638062,59
1915,895.747253,578.231201,61
1916,876.923340,574.466736,64
1917,769.877136,541.777893,36
1918,648.319580,540.870850,50
1919,588.362793,530.497803,57
1920,565.539246,524.505493,54
1921,530.324463,515.562378,44
1922,464.771851,491.002533,46
1923,407.530365,455.899536,57
1924,383.792786,429.301147,91
1925,423.460175,449.128326,94
1926,454.421173,464.747803,96
1927,472.808624,479.848450,94
1928,499.465546,505.248718,82
1929,554.963074,594.995300,72
1930,554.725464,614.288818,89
1931,582.520874,625.042419,96
1932,626.463928,599.244812,104
1933,621.711243,583.376953,111
1934,596.534790,557.893433,107
1935,537.767212,572.459717,98
1936,508.030975,568.000854,103
1937,493.871552,530.696289,109
1938,471.299927,539.878052,95
1939,471.299927,539.878052,95
1940,508.815582,493.488861,126
1941,509.083496,406.540009,146
1942,548.364929,401.452118,99
1943,535.710083,372.459473,95
1944,526.429382,392.517822,101
1945,520.840210,466.640320,81
1946,484.858063,449.220154,89
1947,453.310486,425.913849,99
1948,449.005432,442.193451,96
1949,534.563049,478.384338,85